LocNumber,Loc,Date,Temp,Prec
108,서울,2017-05-01 00,15.1,,
108,서울,2017-05-01 01,14.6,,
108,서울,2017-05-01 02,14.2,,
108,서울,2017-05-01 03,13.8,,
108,서울,2017-05-01 04,13.4,,
108,서울,2017-05-01 05,13.1,,
108,서울,2017-05-01 06,12.8,,
108,서울,2017-05-01 07,13.7,,
108,서울,2017-05-01 08,16.6,,
108,서울,2017-05-01 09,19.4,,
108,서울,2017-05-01 10,21.5,,
108,서울,2017-05-01 11,23.1,,
108,서울,2017-05-01 12,24.7,,
108,서울,2017-05-01 13,26.3,,
108,서울,2017-05-01 14,27.4,,
108,서울,2017-05-01 15,27.8,,
108,서울,2017-05-01 16,28.1,,
108,서울,2017-05-01 17,26.7,,
108,서울,2017-05-01 18,24.4,,
108,서울,2017-05-01 19,22.7,,
108,서울,2017-05-01 20,21.3,,
108,서울,2017-05-01 21,20.3,,
108,서울,2017-05-01 22,19.3,,
108,서울,2017-05-01 23,18.6,,
108,서울,2017-05-02 00,17.8,,
108,서울,2017-05-02 01,17.1,,
108,서울,2017-05-02 02,16.3,,
108,서울,2017-05-02 03,15.9,,
108,서울,2017-05-02 04,15.7,,
108,서울,2017-05-02 05,15.5,,
108,서울,2017-05-02 06,15.3,,
108,서울,2017-05-02 07,15.3,,
108,서울,2017-05-02 08,17.0,,
108,서울,2017-05-02 09,19.8,,
108,서울,2017-05-02 10,22.2,,
108,서울,2017-05-02 11,24.0,,
108,서울,2017-05-02 12,25.4,,
108,서울,2017-05-02 13,27.1,,
108,서울,2017-05-02 14,26.8,,
108,서울,2017-05-02 15,27.7,,
108,서울,2017-05-02 16,26.6,,
108,서울,2017-05-02 17,24.8,,
108,서울,2017-05-02 18,23.5,,
108,서울,2017-05-02 19,21.6,,
108,서울,2017-05-02 20,20.1,,
108,서울,2017-05-02 21,19.4,,
108,서울,2017-05-02 22,19.2,,
108,서울,2017-05-02 23,18.8,,
108,서울,2017-05-03 00,18.4,,
108,서울,2017-05-03 01,17.6,,
108,서울,2017-05-03 02,16.8,,
108,서울,2017-05-03 03,16.1,,
108,서울,2017-05-03 04,15.4,,
108,서울,2017-05-03 05,14.8,,
108,서울,2017-05-03 06,14.6,,
108,서울,2017-05-03 07,15.0,,
108,서울,2017-05-03 08,17.4,,
108,서울,2017-05-03 09,20.0,,
108,서울,2017-05-03 10,23.3,,
108,서울,2017-05-03 11,25.6,,
108,서울,2017-05-03 12,27.3,,
108,서울,2017-05-03 13,28.4,,
108,서울,2017-05-03 14,29.6,,
108,서울,2017-05-03 15,30.0,,
108,서울,2017-05-03 16,29.2,,
108,서울,2017-05-03 17,28.1,,
108,서울,2017-05-03 18,25.9,,
108,서울,2017-05-03 19,22.7,,
108,서울,2017-05-03 20,20.7,,
108,서울,2017-05-03 21,20.2,,
108,서울,2017-05-03 22,19.4,,
108,서울,2017-05-03 23,18.5,,
108,서울,2017-05-04 00,17.7,,
108,서울,2017-05-04 01,17.4,,
108,서울,2017-05-04 02,17.0,,
108,서울,2017-05-04 03,16.0,,
108,서울,2017-05-04 04,15.3,,
108,서울,2017-05-04 05,14.9,,
108,서울,2017-05-04 06,14.8,,
108,서울,2017-05-04 07,15.7,,
108,서울,2017-05-04 08,18.7,,
108,서울,2017-05-04 09,21.8,,
108,서울,2017-05-04 10,24.0,,
108,서울,2017-05-04 11,25.2,,
108,서울,2017-05-04 12,25.3,,
108,서울,2017-05-04 13,26.4,,
108,서울,2017-05-04 14,26.7,,
108,서울,2017-05-04 15,26.3,,
108,서울,2017-05-04 16,25.0,,
108,서울,2017-05-04 17,23.8,,
108,서울,2017-05-04 18,23.3,,
108,서울,2017-05-04 19,22.6,,
108,서울,2017-05-04 20,21.4,,
108,서울,2017-05-04 21,20.8,,
108,서울,2017-05-04 22,20.5,,
108,서울,2017-05-04 23,20.3,,
108,서울,2017-05-05 00,20.0,,
108,서울,2017-05-05 01,19.8,,
108,서울,2017-05-05 02,19.4,,
108,서울,2017-05-05 03,18.9,,
108,서울,2017-05-05 04,18.6,,
108,서울,2017-05-05 05,18.3,,
108,서울,2017-05-05 06,17.9,,
108,서울,2017-05-05 07,18.0,,
108,서울,2017-05-05 08,19.6,,
108,서울,2017-05-05 09,21.7,,
108,서울,2017-05-05 10,24.0,,
108,서울,2017-05-05 11,25.3,,
108,서울,2017-05-05 12,26.0,,
108,서울,2017-05-05 13,25.6,,
108,서울,2017-05-05 14,26.3,,
108,서울,2017-05-05 15,26.6,,
108,서울,2017-05-05 16,25.7,,
108,서울,2017-05-05 17,23.7,,
108,서울,2017-05-05 18,22.5,,
108,서울,2017-05-05 19,19.7,,
108,서울,2017-05-05 20,18.8,,
108,서울,2017-05-05 21,18.1,,
108,서울,2017-05-05 22,17.5,,
108,서울,2017-05-05 23,16.3,,
108,서울,2017-05-06 00,15.5,,
108,서울,2017-05-06 01,14.2,,
108,서울,2017-05-06 02,13.2,,
108,서울,2017-05-06 03,12.3,,
108,서울,2017-05-06 04,11.8,,
108,서울,2017-05-06 05,11.0,,
108,서울,2017-05-06 06,10.1,,
108,서울,2017-05-06 07,10.6,,
108,서울,2017-05-06 08,13.4,,
108,서울,2017-05-06 09,15.4,,
108,서울,2017-05-06 10,16.8,,
108,서울,2017-05-06 11,18.0,,
108,서울,2017-05-06 12,19.1,,
108,서울,2017-05-06 13,19.2,,
108,서울,2017-05-06 14,18.7,,
108,서울,2017-05-06 15,18.7,,
108,서울,2017-05-06 16,18.0,,
108,서울,2017-05-06 17,17.8,,
108,서울,2017-05-06 18,16.8,,
108,서울,2017-05-06 19,15.4,,
108,서울,2017-05-06 20,14.7,,
108,서울,2017-05-06 21,14.0,,
108,서울,2017-05-06 22,13.5,,
108,서울,2017-05-06 23,12.9,,
108,서울,2017-05-07 00,12.6,,
108,서울,2017-05-07 01,12.3,,
108,서울,2017-05-07 02,11.9,,
108,서울,2017-05-07 03,11.5,,
108,서울,2017-05-07 04,11.5,,
108,서울,2017-05-07 05,11.1,,
108,서울,2017-05-07 06,10.9,,
108,서울,2017-05-07 07,11.9,,
108,서울,2017-05-07 08,13.8,,
108,서울,2017-05-07 09,15.4,,
108,서울,2017-05-07 10,17.5,,
108,서울,2017-05-07 11,19.7,,
108,서울,2017-05-07 12,21.2,,
108,서울,2017-05-07 13,21.4,,
108,서울,2017-05-07 14,21.9,,
108,서울,2017-05-07 15,22.5,,
108,서울,2017-05-07 16,22.2,,
108,서울,2017-05-07 17,21.9,,
108,서울,2017-05-07 18,20.7,,
108,서울,2017-05-07 19,18.5,,
108,서울,2017-05-07 20,17.0,,
108,서울,2017-05-07 21,16.2,,
108,서울,2017-05-07 22,15.4,,
108,서울,2017-05-07 23,14.9,,
108,서울,2017-05-08 00,14.1,,
108,서울,2017-05-08 01,13.0,,
108,서울,2017-05-08 02,12.2,,
108,서울,2017-05-08 03,12.3,,
108,서울,2017-05-08 04,11.8,,
108,서울,2017-05-08 05,11.3,,
108,서울,2017-05-08 06,11.2,,
108,서울,2017-05-08 07,12.5,,
108,서울,2017-05-08 08,15.3,,
108,서울,2017-05-08 09,17.8,,
108,서울,2017-05-08 10,19.6,,
108,서울,2017-05-08 11,21.4,,
108,서울,2017-05-08 12,23.2,,
108,서울,2017-05-08 13,23.1,,
108,서울,2017-05-08 14,23.3,,
108,서울,2017-05-08 15,22.8,,
108,서울,2017-05-08 16,22.3,,
108,서울,2017-05-08 17,21.1,,
108,서울,2017-05-08 18,20.2,,
108,서울,2017-05-08 19,19.3,,
108,서울,2017-05-08 20,18.6,,
108,서울,2017-05-08 21,18.3,,
108,서울,2017-05-08 22,18.0,,
108,서울,2017-05-08 23,17.7,,
108,서울,2017-05-09 00,17.3,,
108,서울,2017-05-09 01,17.2,,
108,서울,2017-05-09 02,16.5,,
108,서울,2017-05-09 03,16.6,,
108,서울,2017-05-09 04,15.7,,
108,서울,2017-05-09 05,15.4,,
108,서울,2017-05-09 06,15.3,,
108,서울,2017-05-09 07,15.6,,
108,서울,2017-05-09 08,16.0,,
108,서울,2017-05-09 09,16.6,0.0,
108,서울,2017-05-09 10,17.2,0.0,
108,서울,2017-05-09 11,18.0,0.0,
108,서울,2017-05-09 12,19.3,0.0,
108,서울,2017-05-09 13,20.0,,
108,서울,2017-05-09 14,22.5,,
108,서울,2017-05-09 15,21.3,,
108,서울,2017-05-09 16,19.9,0.3,
108,서울,2017-05-09 17,18.0,0.7,
108,서울,2017-05-09 18,16.7,1.0,
108,서울,2017-05-09 19,16.3,0.5,
108,서울,2017-05-09 20,15.8,0.0,
108,서울,2017-05-09 21,15.6,0.0,
108,서울,2017-05-09 22,15.4,,
108,서울,2017-05-09 23,15.3,,
108,서울,2017-05-10 00,15.3,,
108,서울,2017-05-10 01,15.4,,
108,서울,2017-05-10 02,15.4,0.0,
108,서울,2017-05-10 03,15.3,0.0,
108,서울,2017-05-10 04,15.0,0.4,
108,서울,2017-05-10 05,14.7,0.6,
108,서울,2017-05-10 06,14.6,0.5,
108,서울,2017-05-10 07,14.5,0.5,
108,서울,2017-05-10 08,15.0,0.5,
108,서울,2017-05-10 09,16.0,,
108,서울,2017-05-10 10,17.2,,
108,서울,2017-05-10 11,17.4,,
108,서울,2017-05-10 12,17.9,,
108,서울,2017-05-10 13,19.1,,
108,서울,2017-05-10 14,19.7,,
108,서울,2017-05-10 15,19.3,,
108,서울,2017-05-10 16,20.6,,
108,서울,2017-05-10 17,20.7,,
108,서울,2017-05-10 18,18.9,,
108,서울,2017-05-10 19,16.9,,
108,서울,2017-05-10 20,15.5,,
108,서울,2017-05-10 21,14.9,,
108,서울,2017-05-10 22,14.5,,
108,서울,2017-05-10 23,14.5,,
108,서울,2017-05-11 00,14.5,0.0,
108,서울,2017-05-11 01,14.1,0.0,
108,서울,2017-05-11 02,13.8,0.0,
108,서울,2017-05-11 03,13.4,,
108,서울,2017-05-11 04,13.2,,
108,서울,2017-05-11 05,13.4,,
108,서울,2017-05-11 06,13.7,,
108,서울,2017-05-11 07,14.2,,
108,서울,2017-05-11 08,15.1,,
108,서울,2017-05-11 09,16.8,,
108,서울,2017-05-11 10,18.3,,
108,서울,2017-05-11 11,19.1,,
108,서울,2017-05-11 12,21.4,,
108,서울,2017-05-11 13,22.9,,
108,서울,2017-05-11 14,23.5,,
108,서울,2017-05-11 15,24.4,,
108,서울,2017-05-11 16,24.1,,
108,서울,2017-05-11 17,24.8,,
108,서울,2017-05-11 18,24.6,,
108,서울,2017-05-11 19,23.2,,
108,서울,2017-05-11 20,22.2,,
108,서울,2017-05-11 21,21.3,,
108,서울,2017-05-11 22,20.7,,
108,서울,2017-05-11 23,19.9,,
108,서울,2017-05-12 00,19.0,,
108,서울,2017-05-12 01,18.6,,
108,서울,2017-05-12 02,18.1,,
108,서울,2017-05-12 03,18.0,,
108,서울,2017-05-12 04,19.0,,
108,서울,2017-05-12 05,19.4,,
108,서울,2017-05-12 06,19.5,,
108,서울,2017-05-12 07,19.4,,
108,서울,2017-05-12 08,19.7,,
108,서울,2017-05-12 09,19.8,,
108,서울,2017-05-12 10,20.3,,
108,서울,2017-05-12 11,20.7,,
108,서울,2017-05-12 12,20.8,,
108,서울,2017-05-12 13,21.0,,
108,서울,2017-05-12 14,20.2,,
108,서울,2017-05-12 15,19.3,,
108,서울,2017-05-12 16,19.8,,
108,서울,2017-05-12 17,19.8,,
108,서울,2017-05-12 18,19.8,,
108,서울,2017-05-12 19,19.6,,
108,서울,2017-05-12 20,19.1,,
108,서울,2017-05-12 21,18.6,,
108,서울,2017-05-12 22,18.2,,
108,서울,2017-05-12 23,17.6,,
108,서울,2017-05-13 00,16.8,,
108,서울,2017-05-13 01,16.4,,
108,서울,2017-05-13 02,16.1,,
108,서울,2017-05-13 03,15.8,,
108,서울,2017-05-13 04,15.5,,
108,서울,2017-05-13 05,15.1,,
108,서울,2017-05-13 06,14.8,,
108,서울,2017-05-13 07,15.5,,
108,서울,2017-05-13 08,17.1,,
108,서울,2017-05-13 09,19.1,,
108,서울,2017-05-13 10,20.6,,
108,서울,2017-05-13 11,20.6,,
108,서울,2017-05-13 12,22.6,,
108,서울,2017-05-13 13,22.0,,
108,서울,2017-05-13 14,22.2,,
108,서울,2017-05-13 15,18.4,4.0,
108,서울,2017-05-13 16,16.3,2.0,
108,서울,2017-05-13 17,15.2,,
108,서울,2017-05-13 18,14.8,,
108,서울,2017-05-13 19,15.0,,
108,서울,2017-05-13 20,14.2,,
108,서울,2017-05-13 21,13.6,,
108,서울,2017-05-13 22,13.1,,
108,서울,2017-05-13 23,12.8,,
108,서울,2017-05-14 00,12.4,,
108,서울,2017-05-14 01,12.3,,
108,서울,2017-05-14 02,12.1,,
108,서울,2017-05-14 03,11.9,,
108,서울,2017-05-14 04,11.7,,
108,서울,2017-05-14 05,11.4,,
108,서울,2017-05-14 06,11.1,,
108,서울,2017-05-14 07,11.9,,
108,서울,2017-05-14 08,14.1,,
108,서울,2017-05-14 09,15.8,,
108,서울,2017-05-14 10,17.1,,
108,서울,2017-05-14 11,18.3,,
108,서울,2017-05-14 12,18.6,,
108,서울,2017-05-14 13,19.4,,
108,서울,2017-05-14 14,20.0,,
108,서울,2017-05-14 15,20.5,,
108,서울,2017-05-14 16,20.3,,
108,서울,2017-05-14 17,19.7,,
108,서울,2017-05-14 18,18.9,,
108,서울,2017-05-14 19,17.3,,
108,서울,2017-05-14 20,15.7,,
108,서울,2017-05-14 21,15.0,,
108,서울,2017-05-14 22,14.3,,
108,서울,2017-05-14 23,14.0,,
108,서울,2017-05-15 00,13.4,,
108,서울,2017-05-15 01,12.9,,
108,서울,2017-05-15 02,12.9,,
108,서울,2017-05-15 03,12.6,,
108,서울,2017-05-15 04,12.4,,
108,서울,2017-05-15 05,12.5,,
108,서울,2017-05-15 06,12.4,,
108,서울,2017-05-15 07,13.3,,
108,서울,2017-05-15 08,15.0,,
108,서울,2017-05-15 09,16.6,,
108,서울,2017-05-15 10,17.1,,
108,서울,2017-05-15 11,18.4,,
108,서울,2017-05-15 12,19.0,,
108,서울,2017-05-15 13,18.8,,
108,서울,2017-05-15 14,19.6,,
108,서울,2017-05-15 15,19.2,,
108,서울,2017-05-15 16,18.9,,
108,서울,2017-05-15 17,18.1,,
108,서울,2017-05-15 18,17.8,,
108,서울,2017-05-15 19,17.1,,
108,서울,2017-05-15 20,16.6,,
108,서울,2017-05-15 21,16.2,0.0,
108,서울,2017-05-15 22,15.4,0.0,
108,서울,2017-05-15 23,14.4,,
108,서울,2017-05-16 00,13.8,,
108,서울,2017-05-16 01,13.6,,
108,서울,2017-05-16 02,13.7,,
108,서울,2017-05-16 03,13.5,,
108,서울,2017-05-16 04,13.4,,
108,서울,2017-05-16 05,13.4,,
108,서울,2017-05-16 06,13.4,,
108,서울,2017-05-16 07,13.5,,
108,서울,2017-05-16 08,15.1,,
108,서울,2017-05-16 09,16.8,,
108,서울,2017-05-16 10,18.4,,
108,서울,2017-05-16 11,19.5,,
108,서울,2017-05-16 12,20.6,,
108,서울,2017-05-16 13,21.4,,
108,서울,2017-05-16 14,21.3,,
108,서울,2017-05-16 15,21.8,,
108,서울,2017-05-16 16,21.1,,
108,서울,2017-05-16 17,20.8,,
108,서울,2017-05-16 18,21.2,,
108,서울,2017-05-16 19,20.1,,
108,서울,2017-05-16 20,17.3,,
108,서울,2017-05-16 21,15.7,,
108,서울,2017-05-16 22,15.2,,
108,서울,2017-05-16 23,14.8,,
108,서울,2017-05-17 00,14.1,,
108,서울,2017-05-17 01,13.7,,
108,서울,2017-05-17 02,13.3,,
108,서울,2017-05-17 03,13.1,,
108,서울,2017-05-17 04,12.8,,
108,서울,2017-05-17 05,12.6,,
108,서울,2017-05-17 06,12.3,,
108,서울,2017-05-17 07,13.3,,
108,서울,2017-05-17 08,15.6,,
108,서울,2017-05-17 09,18.2,,
108,서울,2017-05-17 10,20.1,,
108,서울,2017-05-17 11,21.9,,
108,서울,2017-05-17 12,23.0,,
108,서울,2017-05-17 13,24.6,,
108,서울,2017-05-17 14,25.6,,
108,서울,2017-05-17 15,25.5,,
108,서울,2017-05-17 16,25.7,,
108,서울,2017-05-17 17,25.4,,
108,서울,2017-05-17 18,24.1,,
108,서울,2017-05-17 19,21.8,,
108,서울,2017-05-17 20,19.4,,
108,서울,2017-05-17 21,17.7,,
108,서울,2017-05-17 22,16.8,,
108,서울,2017-05-17 23,16.1,,
108,서울,2017-05-18 00,15.6,,
108,서울,2017-05-18 01,15.1,,
108,서울,2017-05-18 02,14.9,,
108,서울,2017-05-18 03,14.6,,
108,서울,2017-05-18 04,14.3,,
108,서울,2017-05-18 05,14.0,,
108,서울,2017-05-18 06,13.9,,
108,서울,2017-05-18 07,14.8,,
108,서울,2017-05-18 08,17.6,,
108,서울,2017-05-18 09,20.4,,
108,서울,2017-05-18 10,22.0,,
108,서울,2017-05-18 11,23.7,,
108,서울,2017-05-18 12,24.7,,
108,서울,2017-05-18 13,26.8,,
108,서울,2017-05-18 14,26.3,,
108,서울,2017-05-18 15,26.2,,
108,서울,2017-05-18 16,26.4,,
108,서울,2017-05-18 17,25.9,,
108,서울,2017-05-18 18,24.8,,
108,서울,2017-05-18 19,23.2,,
108,서울,2017-05-18 20,21.5,,
108,서울,2017-05-18 21,20.3,,
108,서울,2017-05-18 22,19.5,,
108,서울,2017-05-18 23,18.8,,
108,서울,2017-05-19 00,18.2,,
108,서울,2017-05-19 01,17.7,,
108,서울,2017-05-19 02,17.2,,
108,서울,2017-05-19 03,16.5,,
108,서울,2017-05-19 04,15.8,,
108,서울,2017-05-19 05,15.4,,
108,서울,2017-05-19 06,15.1,,
108,서울,2017-05-19 07,15.8,,
108,서울,2017-05-19 08,19.2,,
108,서울,2017-05-19 09,21.1,,
108,서울,2017-05-19 10,23.4,,
108,서울,2017-05-19 11,25.0,,
108,서울,2017-05-19 12,26.4,,
108,서울,2017-05-19 13,27.2,,
108,서울,2017-05-19 14,27.4,,
108,서울,2017-05-19 15,27.5,,
108,서울,2017-05-19 16,27.0,,
108,서울,2017-05-19 17,25.2,,
108,서울,2017-05-19 18,25.0,,
108,서울,2017-05-19 19,22.5,,
108,서울,2017-05-19 20,20.8,,
108,서울,2017-05-19 21,19.6,,
108,서울,2017-05-19 22,18.8,,
108,서울,2017-05-19 23,18.3,,
108,서울,2017-05-20 00,17.7,,
108,서울,2017-05-20 01,17.1,,
108,서울,2017-05-20 02,16.5,,
108,서울,2017-05-20 03,16.1,,
108,서울,2017-05-20 04,15.7,,
108,서울,2017-05-20 05,15.6,,
108,서울,2017-05-20 06,15.5,,
108,서울,2017-05-20 07,16.1,,
108,서울,2017-05-20 08,18.8,,
108,서울,2017-05-20 09,21.6,,
108,서울,2017-05-20 10,23.5,,
108,서울,2017-05-20 11,24.5,,
108,서울,2017-05-20 12,25.5,,
108,서울,2017-05-20 13,26.8,,
108,서울,2017-05-20 14,26.8,,
108,서울,2017-05-20 15,26.2,,
108,서울,2017-05-20 16,25.1,,
108,서울,2017-05-20 17,25.3,,
108,서울,2017-05-20 18,24.3,,
108,서울,2017-05-20 19,22.7,,
108,서울,2017-05-20 20,21.0,,
108,서울,2017-05-20 21,19.9,,
108,서울,2017-05-20 22,19.1,,
108,서울,2017-05-20 23,18.4,,
108,서울,2017-05-21 00,18.0,,
108,서울,2017-05-21 01,17.8,,
108,서울,2017-05-21 02,17.4,,
108,서울,2017-05-21 03,16.8,,
108,서울,2017-05-21 04,16.5,,
108,서울,2017-05-21 05,16.2,,
108,서울,2017-05-21 06,16.1,,
108,서울,2017-05-21 07,16.5,,
108,서울,2017-05-21 08,18.3,,
108,서울,2017-05-21 09,20.8,,
108,서울,2017-05-21 10,22.7,,
108,서울,2017-05-21 11,24.7,,
108,서울,2017-05-21 12,25.6,,
108,서울,2017-05-21 13,26.4,,
108,서울,2017-05-21 14,26.8,,
108,서울,2017-05-21 15,27.5,,
108,서울,2017-05-21 16,27.4,,
108,서울,2017-05-21 17,27.1,,
108,서울,2017-05-21 18,25.9,,
108,서울,2017-05-21 19,23.1,,
108,서울,2017-05-21 20,21.1,,
108,서울,2017-05-21 21,20.2,,
108,서울,2017-05-21 22,19.5,,
108,서울,2017-05-21 23,19.2,,
108,서울,2017-05-22 00,18.7,,
108,서울,2017-05-22 01,18.0,,
108,서울,2017-05-22 02,17.3,,
108,서울,2017-05-22 03,16.9,,
108,서울,2017-05-22 04,16.4,,
108,서울,2017-05-22 05,16.1,,
108,서울,2017-05-22 06,16.0,,
108,서울,2017-05-22 07,17.0,,
108,서울,2017-05-22 08,19.5,,
108,서울,2017-05-22 09,22.3,,
108,서울,2017-05-22 10,24.0,,
108,서울,2017-05-22 11,25.7,,
108,서울,2017-05-22 12,26.3,,
108,서울,2017-05-22 13,27.2,,
108,서울,2017-05-22 14,27.0,,
108,서울,2017-05-22 15,27.7,,
108,서울,2017-05-22 16,28.0,,
108,서울,2017-05-22 17,27.7,,
108,서울,2017-05-22 18,26.5,,
108,서울,2017-05-22 19,23.2,,
108,서울,2017-05-22 20,21.2,,
108,서울,2017-05-22 21,20.2,,
108,서울,2017-05-22 22,19.6,,
108,서울,2017-05-22 23,19.1,,
108,서울,2017-05-23 00,18.7,,
108,서울,2017-05-23 01,18.3,,
108,서울,2017-05-23 02,18.1,,
108,서울,2017-05-23 03,18.0,,
108,서울,2017-05-23 04,17.4,,
108,서울,2017-05-23 05,17.4,,
108,서울,2017-05-23 06,17.7,,
108,서울,2017-05-23 07,18.2,,
108,서울,2017-05-23 08,19.8,,
108,서울,2017-05-23 09,21.0,,
108,서울,2017-05-23 10,22.8,,
108,서울,2017-05-23 11,23.5,,
108,서울,2017-05-23 12,24.0,,
108,서울,2017-05-23 13,24.0,,
108,서울,2017-05-23 14,23.3,,
108,서울,2017-05-23 15,23.6,,
108,서울,2017-05-23 16,22.8,,
108,서울,2017-05-23 17,21.7,,
108,서울,2017-05-23 18,20.0,0.0,
108,서울,2017-05-23 19,18.5,1.5,
108,서울,2017-05-23 20,17.9,2.5,
108,서울,2017-05-23 21,17.9,0.5,
108,서울,2017-05-23 22,17.7,,
108,서울,2017-05-23 23,17.9,,
108,서울,2017-05-24 00,17.8,0.5,
108,서울,2017-05-24 01,17.9,0.1,
108,서울,2017-05-24 02,17.8,,
108,서울,2017-05-24 03,17.8,,
108,서울,2017-05-24 04,17.4,0.0,
108,서울,2017-05-24 05,17.3,,
108,서울,2017-05-24 06,17.0,,
108,서울,2017-05-24 07,17.4,,
108,서울,2017-05-24 08,19.3,,
108,서울,2017-05-24 09,21.5,,
108,서울,2017-05-24 10,23.3,,
108,서울,2017-05-24 11,23.5,,
108,서울,2017-05-24 12,24.7,,
108,서울,2017-05-24 13,25.0,,
108,서울,2017-05-24 14,26.3,,
108,서울,2017-05-24 15,26.9,,
108,서울,2017-05-24 16,27.6,,
108,서울,2017-05-24 17,27.5,,
108,서울,2017-05-24 18,27.0,,
108,서울,2017-05-24 19,25.0,,
108,서울,2017-05-24 20,22.1,,
108,서울,2017-05-24 21,20.8,,
108,서울,2017-05-24 22,19.8,,
108,서울,2017-05-24 23,19.5,,
108,서울,2017-05-25 00,18.8,,
108,서울,2017-05-25 01,18.2,,
108,서울,2017-05-25 02,17.6,,
108,서울,2017-05-25 03,17.0,,
108,서울,2017-05-25 04,16.6,,
108,서울,2017-05-25 05,16.1,,
108,서울,2017-05-25 06,15.8,,
108,서울,2017-05-25 07,16.6,,
108,서울,2017-05-25 08,18.5,,
108,서울,2017-05-25 09,20.7,,
108,서울,2017-05-25 10,22.7,,
108,서울,2017-05-25 11,21.8,,
108,서울,2017-05-25 12,22.3,,
108,서울,2017-05-25 13,23.2,,
108,서울,2017-05-25 14,24.2,,
108,서울,2017-05-25 15,23.9,,
108,서울,2017-05-25 16,23.5,,
108,서울,2017-05-25 17,22.9,,
108,서울,2017-05-25 18,22.2,,
108,서울,2017-05-25 19,20.7,,
108,서울,2017-05-25 20,18.8,,
108,서울,2017-05-25 21,17.6,,
108,서울,2017-05-25 22,16.5,,
108,서울,2017-05-25 23,15.4,,
108,서울,2017-05-26 00,14.4,,
108,서울,2017-05-26 01,14.1,,
108,서울,2017-05-26 02,13.3,,
108,서울,2017-05-26 03,12.9,,
108,서울,2017-05-26 04,12.5,,
108,서울,2017-05-26 05,12.7,,
108,서울,2017-05-26 06,12.9,,
108,서울,2017-05-26 07,13.7,,
108,서울,2017-05-26 08,14.6,,
108,서울,2017-05-26 09,16.2,,
108,서울,2017-05-26 10,18.3,,
108,서울,2017-05-26 11,19.5,,
108,서울,2017-05-26 12,20.2,,
108,서울,2017-05-26 13,21.6,,
108,서울,2017-05-26 14,22.2,,
108,서울,2017-05-26 15,23.0,,
108,서울,2017-05-26 16,21.7,,
108,서울,2017-05-26 17,23.1,,
108,서울,2017-05-26 18,21.6,,
108,서울,2017-05-26 19,20.7,,
108,서울,2017-05-26 20,19.4,,
108,서울,2017-05-26 21,18.5,,
108,서울,2017-05-26 22,17.8,,
108,서울,2017-05-26 23,16.8,,
108,서울,2017-05-27 00,16.1,,
108,서울,2017-05-27 01,15.6,,
108,서울,2017-05-27 02,15.1,,
108,서울,2017-05-27 03,14.7,,
108,서울,2017-05-27 04,14.3,,
108,서울,2017-05-27 05,13.9,,
108,서울,2017-05-27 06,13.7,,
108,서울,2017-05-27 07,14.7,,
108,서울,2017-05-27 08,17.0,,
108,서울,2017-05-27 09,19.1,,
108,서울,2017-05-27 10,21.2,,
108,서울,2017-05-27 11,22.8,,
108,서울,2017-05-27 12,23.6,,
108,서울,2017-05-27 13,24.4,,
108,서울,2017-05-27 14,25.8,,
108,서울,2017-05-27 15,26.1,,
108,서울,2017-05-27 16,25.8,,
108,서울,2017-05-27 17,24.6,,
108,서울,2017-05-27 18,23.7,,
108,서울,2017-05-27 19,22.4,,
108,서울,2017-05-27 20,19.9,,
108,서울,2017-05-27 21,18.8,,
108,서울,2017-05-27 22,18.0,,
108,서울,2017-05-27 23,17.2,,
108,서울,2017-05-28 00,16.6,,
108,서울,2017-05-28 01,15.8,,
108,서울,2017-05-28 02,15.2,,
108,서울,2017-05-28 03,14.9,,
108,서울,2017-05-28 04,14.7,,
108,서울,2017-05-28 05,14.4,,
108,서울,2017-05-28 06,14.7,,
108,서울,2017-05-28 07,16.3,,
108,서울,2017-05-28 08,18.0,,
108,서울,2017-05-28 09,20.9,,
108,서울,2017-05-28 10,22.9,,
108,서울,2017-05-28 11,25.0,,
108,서울,2017-05-28 12,26.1,,
108,서울,2017-05-28 13,26.6,,
108,서울,2017-05-28 14,26.7,,
108,서울,2017-05-28 15,27.5,,
108,서울,2017-05-28 16,27.2,,
108,서울,2017-05-28 17,26.4,,
108,서울,2017-05-28 18,25.1,,
108,서울,2017-05-28 19,23.6,,
108,서울,2017-05-28 20,22.0,,
108,서울,2017-05-28 21,20.9,,
108,서울,2017-05-28 22,20.4,,
108,서울,2017-05-28 23,19.7,,
108,서울,2017-05-29 00,19.3,,
108,서울,2017-05-29 01,19.0,,
108,서울,2017-05-29 02,18.6,,
108,서울,2017-05-29 03,18.5,,
108,서울,2017-05-29 04,18.2,,
108,서울,2017-05-29 05,18.2,,
108,서울,2017-05-29 06,18.5,,
108,서울,2017-05-29 07,19.0,,
108,서울,2017-05-29 08,19.9,,
108,서울,2017-05-29 09,21.1,,
108,서울,2017-05-29 10,23.4,,
108,서울,2017-05-29 11,25.0,,
108,서울,2017-05-29 12,27.1,,
108,서울,2017-05-29 13,28.4,,
108,서울,2017-05-29 14,28.4,,
108,서울,2017-05-29 15,29.0,,
108,서울,2017-05-29 16,28.8,,
108,서울,2017-05-29 17,27.5,,
108,서울,2017-05-29 18,27.2,,
108,서울,2017-05-29 19,24.8,,
108,서울,2017-05-29 20,22.8,,
108,서울,2017-05-29 21,21.9,,
108,서울,2017-05-29 22,21.3,,
108,서울,2017-05-29 23,20.6,,
108,서울,2017-05-30 00,20.0,,
108,서울,2017-05-30 01,19.4,,
108,서울,2017-05-30 02,19.1,,
108,서울,2017-05-30 03,18.9,,
108,서울,2017-05-30 04,18.8,,
108,서울,2017-05-30 05,18.7,,
108,서울,2017-05-30 06,18.7,,
108,서울,2017-05-30 07,19.5,,
108,서울,2017-05-30 08,20.8,,
108,서울,2017-05-30 09,22.5,,
108,서울,2017-05-30 10,24.4,,
108,서울,2017-05-30 11,26.1,,
108,서울,2017-05-30 12,26.7,,
108,서울,2017-05-30 13,27.9,,
108,서울,2017-05-30 14,29.1,,
108,서울,2017-05-30 15,29.6,,
108,서울,2017-05-30 16,29.8,,
108,서울,2017-05-30 17,29.5,,
108,서울,2017-05-30 18,28.7,,
108,서울,2017-05-30 19,27.7,,
108,서울,2017-05-30 20,25.6,,
108,서울,2017-05-30 21,23.4,,
108,서울,2017-05-30 22,21.9,,
108,서울,2017-05-30 23,20.7,,
108,서울,2017-05-31 00,20.0,,
108,서울,2017-05-31 01,19.4,,
108,서울,2017-05-31 02,18.8,,
108,서울,2017-05-31 03,18.5,,
108,서울,2017-05-31 04,18.3,,
108,서울,2017-05-31 05,17.7,,
108,서울,2017-05-31 06,17.8,,
108,서울,2017-05-31 07,19.2,,
108,서울,2017-05-31 08,21.3,,
108,서울,2017-05-31 09,23.3,,
108,서울,2017-05-31 10,23.8,,
108,서울,2017-05-31 11,25.5,,
108,서울,2017-05-31 12,26.2,,
108,서울,2017-05-31 13,26.7,,
108,서울,2017-05-31 14,28.4,,
108,서울,2017-05-31 15,29.4,,
108,서울,2017-05-31 16,29.1,,
108,서울,2017-05-31 17,29.3,,
108,서울,2017-05-31 18,27.2,,
108,서울,2017-05-31 19,25.7,,
108,서울,2017-05-31 20,23.8,,
108,서울,2017-05-31 21,22.8,,
108,서울,2017-05-31 22,22.2,,
108,서울,2017-05-31 23,21.5,,
