,country,lon,lat
1,Germany,8.430539,50.076416
2,Germany,10.133429,48.732418
3,United States,-74.532537,40.605091
4,United States,-74.491725,40.617153
5,France,-0.55892,44.84461
6,United States,-73.839851,40.704624
7,United States,-77.006569,39.029933
8,United States,-76.979242,39.053414
9,United States,-77.05209,38.970858
10,New Zealand,174.766357,-41.282173
11,Germany,10.207129,48.923981
12,United States,-77.05209,38.970858
13,Spain,-3.49,40.32
14,United States,-76.9731,39.046367
15,Japan,138.589148,35.163067
16,Germany,10.910711,48.689373
17,United States,-77.02858,39.060316
18,United States,-77.311159,38.736044
19,United States,-76.697168,39.304677
20,Germany,10.183811,48.87973
21,Germany,10.133429,48.732418
22,United States,-76.543622,39.348361
23,South Korea,127.343653,36.355305
24,Germany,10.319209,49.069298
27,Germany,10.133429,48.732418
33,Germany,10.290451,48.873989
36,France,2.67419,48.84463
55,Russia,39.742782,43.764419
56,Australia,150.535653,-34.61324403
57,United States,-77.067147,39.001666
58,Germany,13.67697,51.035366
59,Germany,8.657827,50.126633
60,United States,-77.066938,39.002171
61,United States,-77.144718,39.10664
62,United States,-76.790445,39.236384
63,United Kingdom,-3.95219,51.63756
64,United States,-74.099673,40.636742
65,Portugal,-25.670897,37.748833
66,United States,-74.699194,40.370992
67,Germany,13.406345,52.448563
68,United States,-73.561431,40.860819
70,South Korea,126.470986,36.778542
71,Germany,8.788633,50.803802
72,France,0.5814,43.64679
73,Germany,14.984622,51.135983
74,France,2.21903,48.8698
75,Germany,10.133429,48.732418
76,Austria,12.159912,47.58353
78,South Korea,126.583564,36.742306
79,Austria,12.171875,47.584263
80,Germany,10.133429,48.732418
81,Germany,8.716187,49.411076
82,United States,-77.039032,38.980649
83,South Korea,127.34909,36.356315
85,China,121.552157,31.215394
86,Japan,138.942075,35.807303
87,Spain,-3.69,40.41
88,Spain,2.06,41.48
89,Japan,138.833848,35.199088
90,Australia,151.061162,-33.74020203
91,Australia,150.952416,-34.27761103
92,United States,-77.047612,38.973364
93,United States,-76.978775,38.997958
94,Germany,13.417997,52.43409
95,Japan,139.040588,35.36576
96,Japan,140.7593,39.2918
97,United States,-77.062542,38.945273
98,Japan,141.78,39.9633
99,Japan,139.142232,35.439939
100,South Korea,126.391535,36.763757
101,France,2.23964,48.88475
102,Japan,139.040588,35.374092
103,United States,-73.789469,41.016139
104,South Korea,126.446867,36.747247
105,Australia,151.152713,-33.77642303
106,France,0.03004,43.71388
107,Germany,10.185103,52.580208
108,United States,-74.498034,40.606622
109,France,0.03078,43.71363
110,South Korea,126.984055,37.590202
111,United States,-77.067367,39.002449
112,France,0.03004,43.71388
113,Australia,150.686258,-33.55201103
114,United States,-74.490432,40.615247
115,United States,-79.074913,35.895414
117,United States,-78.736022,35.674859
118,United States,-74.431075,40.773392
119,Japan,138.724781,35.045364
120,United States,-74.236078,40.667261
121,United States,-77.045863,38.967
122,United States,-74.452093,40.801644
123,Australia,150.664808,-33.56192803
124,Germany,11.37,48.42
125,Germany,11.46,48.42
126,Germany,11.37,48.42
127,Germany,11.46,48.42
129,India,79.4889,18.99347
130,Australia,151.133518,-33.70938603
131,Japan,135.151026,34.665638
132,Japan,139.253068,35.324108
134,United States,-74.245322,40.42438
135,Japan,139.165575,35.415759
136,Japan,139.190574,35.307441
137,Japan,141.27174,38.803244
138,United States,-74.42267,40.499355
139,Japan,141.3641,39.2377
140,Belgium,5.42811,51.21475
141,United Kingdom,-2.81717,52.40168
142,Japan,139.265566,35.440759
143,United Kingdom,-2.81717,52.40168
144,Japan,139.128082,35.282443
145,Belgium,5.42811,51.21475
146,Japan,139.040593,35.207448
147,Japan,141.348723,39.275537
148,Australia,151.150382,-33.75925503
149,Japan,139.490548,35.482426
150,United Kingdom,-3.23383,55.92589
151,United Kingdom,-3.12832,53.35654
152,Norway,10.29091,59.76998
153,Japan,139.128078,35.42409
154,Belgium,5.42811,51.21475
155,Japan,139.065584,35.415754
156,Germany,13.704393,51.062195
157,United States,-90.2585,38.6147
158,Japan,141.347485,39.285626
159,United States,-81.317086,41.063044
160,France,4.08044,46.03661
161,United States,-73.8781,40.87
162,Australia,150.954215,-33.72671603
163,Japan,139.065585,35.474084
164,France,0.49301,43.97745
165,South Korea,126.471164,36.778082
166,Japan,139.265568,35.299111
167,Japan,135.133086,34.676983
168,France,0.49301,43.97745
169,Japan,138.744444,36.286389
170,Japan,135.187613,34.71193
171,Japan,135.111502,34.713661
172,Japan,139.140577,35.374097
173,Japan,135.111585,34.714232
174,Belgium,3.71315,51.03791
175,Japan,135.133436,34.676219
176,Germany,11.37,49.02
177,Germany,11.37,49.02
178,Australia,151.108658,-33.75162403
181,Ireland,-7.849882,53.892708
182,Japan,139.062942,35.15475
183,Japan,139.203073,35.324106
184,Germany,10.211492,48.325584
185,Japan,139.40146,35.48635
186,Japan,141.0519,38.9917
187,Japan,140.914,40.155222
188,Japan,141.7,39.419
189,Japan,141.0519,38.9917
190,Japan,141.0521,38.9904
191,Japan,141.722,39.436
192,Japan,141.075954,40.2277
193,Japan,139.215571,35.357435
194,Australia,151.131706,-33.73042103
195,Japan,141.414,40.14
196,Japan,141.414,40.14
198,Japan,141.075954,40.2277
199,Japan,141.54353,40.00031
200,Georgia,41.710369,41.690926
201,Japan,135.674085,35.015622
202,Japan,139.171883,35.333583
203,United Kingdom,-3.12832,53.35654
204,United States,-73.970308,40.783514
205,United Kingdom,-2.52407,53.09105
206,France,3.10348,50.36342
209,Japan,139.028093,35.315767
210,Japan,141.728,39.434
211,Japan,141.683,39.417
212,Australia,150.82835,-34.46967903
213,Australia,150.82835,-34.46967903
214,Japan,141.54353,40.00031
215,Germany,11.509403,51.023968
216,Germany,11.002685,50.966663
217,Japan,135.145654,34.668723
218,Japan,135.145654,34.668723
219,Japan,139.015596,35.265774
220,Japan,135.151026,34.665638
221,Japan,135.8013,35.0289
222,United Kingdom,-2.22638,53.27177
223,United Kingdom,-3.95219,51.63756
227,Germany,6.073272,50.759373
230,United States,-73.874006,40.858147
236,United States,-73.877647,40.865656
237,Japan,135.20625,34.720833
240,Japan,135.20625,34.720833
247,Japan,140.073889,37.679722
249,Japan,138.83144,35.25694
250,Japan,139.003097,35.265774
253,Japan,138.83144,35.25694
254,France,7.81823,48.60769
258,Japan,138.90135,36.99149
259,United Kingdom,-2.80737,55.42623
260,United States,-74.293043,40.747196
261,Japan,131.88125,32.854167
262,United Kingdom,-3.00936,55.90996
263,Japan,140.077222,37.676111
264,Japan,139.265567,35.399098
265,Japan,141.51684,40.289095
267,Australia,151.086579,-33.73011903
268,Japan,139.6175,37.211389
269,Japan,138.675,36.082222
270,Japan,139.303063,35.424095
273,United States,-71.1225,42.45
274,United Kingdom,-3.80777,51.63987
275,Japan,139.140577,35.432423
276,Japan,140.81875,40.420833
277,Japan,140.079167,37.673611
278,France,3.21224,50.77138
279,France,7.33014,47.63516
280,Japan,134.080833,33.973333
281,Japan,136.048917,34.259639
282,Japan,139.253068,35.390765
283,Japan,136.098444,34.261056
284,Japan,140.45625,40.429167
285,Japan,136.048917,34.259639
286,Japan,134.080806,33.973333
289,Japan,139.628036,35.52409
290,United States,-73.970657,40.779095
291,France,5.30989,45.58447
293,Japan,142.242069,43.136319
294,United Kingdom,-2.8244,53.17924
295,France,3.04472,50.62806
296,Australia,151.147007,-33.70083403
297,United Kingdom,-2.88908,53.41249
298,Japan,139.128611,35.286167
558,United Kingdom,-3.51289,51.4642
561,United Kingdom,-3.51289,51.4642
564,Japan,139.628036,35.52409
565,United States,-76.486907,38.9696
566,Belgium,4.092879,50.702368
570,United Kingdom,-2.22638,53.27177
571,United Kingdom,-3.91438,56.14504
572,Japan,140.861,43.178
573,Japan,140.49017,36.28894
574,Japan,138.90869,37.12014
575,Georgia,41.710369,41.690926
577,Japan,132.65625,33.204167
595,Japan,139.090278,36.835278
602,Germany,10.264547,47.52309
603,Australia,151.120182,-33.71068303
606,Japan,140.11787,36.1165
607,Japan,135.195511,34.690083
609,France,-1.27874,43.66989
611,France,-1.27874,43.66989
614,Japan,135.195511,34.690083
616,United Kingdom,-2.71522,53.80915
617,France,7.39684,48.44382
618,United Kingdom,-2.22638,53.27177
619,Japan,135.05,34.8
620,France,7.68283,48.6131
621,France,5.05375,45.47042
622,Japan,139.15912,35.58836
623,France,4.88463,45.51332
624,Japan,138.620833,36.171389
627,Japan,130.667222,32.177778
629,Japan,136.111944,35.728611
630,Japan,130.845833,32.111667
631,United States,-72.25361,41.80916
632,Japan,139.71211,35.6556
633,Japan,136.111944,35.728611
634,Japan,140.939,43.177
637,United Kingdom,-2.5536,55.63925
640,Germany,8.4,49
642,United Kingdom,-3.19397,55.93077
644,Japan,133.45192,34.75672
645,France,7.6748,48.5233
646,France,7.81823,48.60769
647,France,7.81823,48.60769
648,United Kingdom,-3.48597,56.44876
649,United Kingdom,-2.50177,53.73833
650,United Kingdom,-3.48597,56.44876
651,United Kingdom,-3.48597,56.44876
652,United Kingdom,-2.50177,53.73833
653,New Zealand,174.7275,-36.869444
654,United Kingdom,-2.93904,51.56012
656,United Kingdom,-2.22686,53.36166
657,Japan,140.8575,37.814167
658,Australia,151.142622,-33.75564903
659,Japan,131.139167,32.070833
660,Japan,131.421389,31.785278
661,United Kingdom,-3.12832,53.35654
664,Japan,136.462028,35.803864
665,Japan,139.71211,35.6556
668,Japan,140.676558,39.447887
670,Japan,135.5875,33.877222
671,Australia,151.125,-33.71600003
672,Japan,136.400725,35.815501
675,Japan,140.05551,36.43404
676,Japan,140.05551,36.43404
678,France,7.81823,48.60769
679,United Kingdom,-3.4493,55.91006
680,United Kingdom,-2.22638,53.27177
681,United States,-122.29496,47.6373
682,France,7.33745,47.72503
685,United Kingdom,-1.16268,53.98813
688,United Kingdom,-1.16268,53.98813
697,Japan,139.20625,35.504167
702,Canada,-123.233333,49.25
704,New Zealand,172.601944,-43.520278
705,Japan,140.920556,37.798056
707,Canada,-123.233333,49.25
708,Canada,-123.233333,49.25
709,Germany,8.667612,49.414826
710,Japan,140.9175,39.521111
711,Japan,137.197153,35.218132
712,France,7.53184,48.43874
714,Japan,139.11875,35.495833
715,Germany,10.196171,52.472037
716,Japan,139.11875,35.579167
717,Japan,140.759722,39.518056
718,Japan,140.356667,37.709722
719,Germany,8.810263,47.984866
720,Japan,139.057281,35.100383
722,United Kingdom,-2.54459,52.94264
723,United Kingdom,-2.54459,52.94264
724,Japan,136.296111,35.998333
726,Japan,136.296111,35.998333
728,Japan,136.296111,35.998333
730,Japan,140.433889,41.91
731,Japan,140.419167,41.825556
732,United Kingdom,-3.51289,51.4642
733,United Kingdom,-2.52407,53.09105
734,France,7.83483,48.78724
736,Australia,145.3602,-37.85850004
737,France,-0.07868,44.43106
741,United Kingdom,-0.47544,51.31433
744,United Kingdom,-0.47325,51.31565
745,United Kingdom,-2.37632,53.27139
746,Japan,140.216111,37.110833
749,New Zealand,170.996659,-42.716687
755,Japan,140.216111,37.110833
758,New Zealand,170.81614,-42.898076
760,Japan,130.249567,33.470483
762,Japan,139.019472,34.867028
764,New Zealand,170.553653,-43.148763
765,Japan,139.034861,35.078722
766,Japan,139.017833,34.869389
771,Japan,140.993,43.168
778,Japan,140.0834,36.19741
780,Germany,7.808082,48.028746
785,Japan,134.927222,34.863056
786,Japan,140.0834,36.19741
789,United States,-104.9619,39.73193
790,United States,-104.9619,39.73193
791,United States,-104.9619,39.73193
792,United States,-104.9619,39.73193
793,United States,-104.9619,39.73193
794,United States,-104.9619,39.73193
795,United States,-104.9619,39.73193
797,United Kingdom,-2.22638,53.27177
798,United States,-104.9619,39.73193
800,United Kingdom,-2.22638,53.27177
802,Sweden,11.950755,57.683237
803,United Kingdom,-2.37475,53.09162
809,United Kingdom,-2.22638,53.27177
810,Luxembourg,6.13,49.6
812,Luxembourg,6.29,49.51
818,Japan,140.1907,36.00768
819,Japan,135.79846,34.40693
823,Japan,135.79846,34.40693
824,Japan,134.283333,33.916667
825,Japan,139.83847,36.26287
826,France,7.5474,48.61835
827,Japan,134.283333,33.916667
828,Japan,135.79846,34.40693
830,Japan,135.79846,34.40693
832,Japan,134.111389,34.920278
833,United Kingdom,-3.95219,51.63756
834,Japan,133.829722,34.789444
836,Japan,140.049444,37.419167
837,Japan,135.79846,34.40693
839,France,7.05731,47.55483
841,Japan,139.065596,35.115793
845,Japan,141.44375,40.2875
846,Japan,135.79846,34.40693
847,Japan,140.682778,37.776111
848,Japan,140.084722,37.418333
849,Japan,139.053097,35.14079
851,Japan,138.347465,36.523896
852,Japan,138.347465,36.523896
858,Japan,138.347465,36.523896
859,Japan,143.205329,42.872246
860,United Kingdom,-2.22638,53.27177
862,United Kingdom,-2.22638,53.27177
863,Japan,143.205329,42.872246
864,United Kingdom,-2.22638,53.27177
865,Japan,143.205329,42.872246
869,United Kingdom,-2.22686,53.36166
870,Japan,135.79846,34.40693
874,Japan,140.072778,37.681667
875,Japan,141.66875,40.1875
876,Japan,139.05021,35.293769
877,Japan,138.47745,36.48485
878,Japan,135.79846,34.40693
879,Japan,135.79846,34.40693
880,Japan,138.856059,36.9274
881,Japan,138.8175,36.933889
882,Japan,139.246369,37.423219
883,Japan,135.79846,34.40693
884,Japan,139.050278,35.293889
887,United Kingdom,-2.37632,53.27139
889,Japan,140.688333,37.773611
891,Japan,135.79846,34.40693
892,United Kingdom,-2.37632,53.27139
894,Japan,135.74524,34.37744
895,Japan,135.72195,34.74726
896,Japan,141.63125,40.254167
898,Japan,140.535365,39.92207
899,Japan,135.79846,34.40693
900,Japan,134.30627,35.28893
901,Japan,134.141111,34.692222
902,Japan,134.30627,35.28893
903,Japan,135.67754,34.28943
904,Japan,135.79846,34.40693
906,Japan,135.79846,34.40693
907,United Kingdom,-2.22638,53.27177
908,United Kingdom,-3.80777,51.63987
914,Spain,-5.912,40.565
917,Japan,133.75,33.75
919,United States,-117.317222,33.970278
924,France,7.35953,47.99462
926,United Kingdom,-3.80644,58.56033
927,Australia,144.0916,-36.98610004
928,United Kingdom,-3.79253,58.55545
929,Japan,140.18948,35.99273
931,Japan,139.053098,35.124125
932,United Kingdom,-5.60378,55.93325
933,United States,-95.2445,38.9522
934,Japan,132.916667,33.6
936,United States,-104.9619,39.73193
937,Japan,140.217361,37.110222
938,Japan,140.217861,37.107333
939,Japan,133.1295965,33.56101128
940,Japan,140.096389,37.414167
941,Japan,133.132222,33.557778
944,United Kingdom,-1.3253,53.35997
945,Japan,140.217222,37.110833
947,Japan,135.79846,34.40693
948,France,7.5474,48.61835
949,Japan,134.572778,35.316389
950,Japan,134.5584408,35.32939461
951,Japan,139.053097,35.14079
952,Japan,134.5699401,35.319619
953,Japan,140.114722,37.660278
954,Japan,139.053097,35.132458
956,Australia,146.3858,-37.9561
958,Germany,11.37,48.57
960,Germany,11.46,48.52
961,Germany,11.46,48.52
962,Germany,11.37,48.57
964,Japan,132.983333,33.2
965,Japan,133.5,33.683333
966,Japan,134.1,33.633333
968,Japan,134.155278,35.018889
970,Japan,139.165461,35.607375
971,Japan,139.203068,35.6324
972,Japan,132.916667,33
976,Japan,133.733333,33.6
977,Japan,135.79846,34.40693
979,Japan,132.633333,33.15
981,Japan,139.053097,35.14079
982,Japan,140.685833,37.773889
984,Japan,133.266667,33.766667
985,Germany,7.83649,48.000194
987,Japan,134.183333,33.4
988,Germany,6.956076,50.938358
990,Japan,133.533333,33.833333
994,United Kingdom,-2.37632,53.27139
995,Japan,140.070833,37.675556
996,Japan,140.070833,37.675556
999,Japan,140.068611,37.671389
1000,Japan,134.353056,35.273056
1001,Japan,140.685833,37.773889
1006,Japan,140.996361,39.660583
1007,Japan,140.996389,39.660556
1012,United States,-90.25917,38.61306
1013,Japan,139.053098,35.124125
1016,Japan,140.981,43.234
1018,Japan,140.854833,40.647667
1019,Japan,140.853056,40.647778
1021,Japan,139.138583,37.782917
1027,Japan,139.053098,35.124125
1028,Japan,140.685833,37.773889
1029,Japan,139.138611,37.783056
1030,Japan,135.79846,34.40693
1034,United States,-90.259167,38.613056
1035,Japan,139.49353,35.57219
1036,United States,-72.28937,41.90068
1037,United States,-72.28937,41.90068
1038,France,7.05731,47.55483
1039,France,7.33745,47.72503
1040,France,7.45559,47.54028
1041,France,7.83483,48.78724
1042,New Zealand,173.966944,-35.219167
1048,Japan,135.8013,35.0289
1049,Australia,150.34,-33.71100003
1050,Australia,150.3406,-33.7111
1051,United States,-82.40753,29.6116
1052,Australia,150.3403,-33.7108
1053,Australia,150.340361,-33.710972
1054,Japan,134.083333,33.45
1055,Japan,133.383333,33.55
1057,Japan,134.233333,33.483333
1059,Japan,132.95,33.333333
1060,Japan,134.487713,34.01951
1061,United States,-82.41024,29.61264
1064,Japan,134.233333,33.5
1066,Japan,132.983333,33.433333
1067,Japan,134.083333,33.516667
1068,Japan,140.41856,36.55079
1069,Japan,140.05,37.683333
1070,Japan,134.066667,33.583333
1071,Japan,134.133611,35.175
1073,Japan,133.916667,33.6
1074,Japan,134.130278,35.174167
1075,Germany,6.741443,50.864342
1077,Japan,138.717222,36.208333
1078,Japan,135.72914,33.80873
1079,Japan,138.716667,36.208056
1080,Japan,135.936389,35.094722
1081,Japan,135.936389,35.094722
1084,Japan,140.039784,37.523746
1087,United Kingdom,-1.29292,51.71235
1099,Australia,147.2513,-36.84330004
1107,Japan,139.4153,35.58174
1113,Japan,140.15086,36.08362
1114,New Zealand,173.28,-41.2757
1116,New Zealand,173.28,-41.2757
1118,Japan,135.84549,34.6846
1120,Japan,135.84549,34.6846
1122,Japan,133.533333,33.633333
1124,United Kingdom,-2.13378,52.42691
1126,Japan,134.0225,35.270278
1129,United States,-72.52472,41.77527
1133,Japan,140.36012,36.77835
1140,Japan,133.183333,33.433333
1141,United States,-74.3216,40.9802
1143,Japan,133.133333,33.216667
1149,Japan,140.36012,36.77835
1152,United States,-74.06111,41.02555
1155,Japan,140.29784,39.49485
1157,Japan,138.984722,36.815278
1161,Japan,133.816667,33.7
1164,Japan,133.083333,33.533333
1166,Japan,133.55,33.783333
1170,Japan,133.55625,33.7875
1174,Japan,140.29784,39.49485
1176,Japan,133.575278,35.095278
1177,Japan,140.29784,39.49485
1181,Japan,142.489722,42.433528
1183,Japan,134.248333,35.113333
1184,Japan,142.489722,42.433611
1186,Japan,135.79846,34.40693
1188,Japan,141.56,39.933056
1189,Japan,140,37
1190,Japan,140.324778,37.582472
1191,France,7.81823,48.60769
1195,Japan,140.06673,39.8232
1197,Japan,142.489722,42.433528
1198,Japan,140.324722,37.5825
1199,Japan,140.41,36.55083
1201,Japan,140.52885,36.53717
1202,Japan,136.785306,36.233056
1203,United Kingdom,-1.77976,52.64254
1206,Japan,136.785306,36.233056
1208,Japan,139.399444,36.577222
1209,Japan,140.383333,37.65
1218,Japan,135.84549,34.6846
1220,United States,-122.2367,37.4007
1222,Japan,140.86,38.26
1232,Japan,140.5428,36.56289
1233,Japan,140.77678,36.85362
1239,Japan,140.3664,38.0883
1241,Japan,133.434444,35.03
1242,Japan,133.997222,35.132222
1243,Japan,141.66,39.99
1244,Japan,133.491111,34.886694
1247,Japan,140.67506,36.61325
1249,Japan,140.29784,39.49485
1250,Japan,135.84549,34.6846
1252,Japan,134.125833,35.158333
1253,Japan,140.2589,39.53352
1254,Japan,140.63956,36.57886
1255,Japan,140.29784,39.49485
1256,Japan,140.29784,39.49485
1259,Japan,133.650278,35.353611
1265,Japan,135.8013,35.0289
1271,Japan,134.133611,35.2425
1274,Japan,134,35.160278
1281,Japan,140,37
1285,Japan,140.55724,36.54483
1290,Japan,134.111111,35.161389
1291,Denmark,9.432896,56.827722
1295,Japan,140.55724,36.54483
1299,Japan,140.646,36.60202
1305,Japan,140.58919,39.2939
1306,Japan,133.848056,35.084444
1312,Japan,140.5428,36.56289
1313,Japan,133.833611,35.275833
1317,Japan,135.79846,34.40693
1318,Japan,138.8437,36.905713
1324,Japan,134.282778,35.146667
1327,Japan,139.140556,36.917222
1328,Japan,140.34995,39.61311
1329,Japan,135.79846,34.40693
1330,Japan,135.79846,34.40693
1336,Japan,140,37
1337,Japan,140,37
1338,Japan,140.36012,36.77835
1339,Japan,134.118611,35.170833
1340,Japan,140,37
1341,France,7.68283,48.6131
1344,Japan,140,37
1345,Japan,140,37
1346,Japan,140,37
1351,Japan,140,37
1353,Australia,145.5916,-37.77910004
1357,United Kingdom,-2.22686,53.36166
1360,Japan,139.090582,35.424088
1363,Japan,136.6614,36.51
1370,Japan,140.77678,36.85362
1386,Japan,140.5428,36.56289
1392,Japan,140.646,36.60202
1393,Japan,133.480833,34.948056
1394,Japan,133.544444,35.2425
1395,United Kingdom,-2.61338,51.53305
1396,Japan,140.12735,39.79573
1400,Japan,134.38,35.225833
1411,Japan,140.12735,39.79573
1412,Japan,140.96,40.56
1413,Japan,140.71274,36.71659
1414,Japan,134.055833,35.323056
1415,Austria,14.3128,48.3386
1416,Japan,140.5428,36.56289
1419,Japan,136.783799,36.565164
1420,Denmark,11.626547,55.614393
1424,Austria,14.3128,48.3386
1426,Germany,11.37,48.97
1427,Germany,11.37,48.97
1428,Germany,11.37,48.92
1429,Germany,11.46,48.92
1430,United Kingdom,-3.25361,55.91895
1431,Germany,11.46,48.92
1432,Germany,11.37,48.92
1433,Japan,139.590541,35.424101
1447,Japan,136.68,36.54
1452,Japan,135.79846,34.40693
1458,Japan,134.328056,35.161944
1459,Japan,140.12157,36.29233
1461,United Kingdom,-2.22686,53.36166
1469,Japan,134.101306,35.089361
1473,Japan,133.985,35.240833
1479,Japan,133.592222,35.219722
1506,Japan,37.01,37.01
1507,Japan,34.4,34.4
1509,Japan,34.27,34.27
1511,Japan,135.84549,34.6846
1512,Japan,34.5,34.5
1513,Japan,36.52,36.52
1514,Japan,133.628056,35.248056
1521,Japan,136.75849,36.53664
1527,Japan,140.24683,36.30749
1528,Japan,140.26382,36.28173
1529,Japan,134.133722,35.247222
1546,Japan,135.8013,35.0289
1554,Japan,34.52,34.52
1563,Japan,139.06559,35.224115
1565,Japan,133.531306,35.2175
1609,Japan,133.531306,35.2175
1614,Japan,140.1763,36.29126
1628,Japan,139.078088,35.199117
1632,Japan,139.565541,35.549085
1640,United Kingdom,-2.61482,51.53304
1649,Japan,140.26614,40.02608
1652,Japan,133.348889,35.015833
1653,Japan,133.791944,35.228611
1654,Japan,35.15,35.15
1655,Japan,133.778056,35.200833
1657,Denmark,12.454659,56.038621
1658,Japan,140.25769,36.38258
1659,Japan,140.25769,36.38258
1660,France,7.20425,47.7299
1663,United Kingdom,-2.82613,53.26912
1665,United Kingdom,-2.82613,53.26912
1669,United Kingdom,-2.82613,53.26912
1672,Japan,139.590536,35.599078
1673,Australia,145.3578,-37.8322
1686,United States,-90.25,38.6
1687,Japan,35.26,35.26
1689,United States,-90.25,38.6
1690,Japan,35.01,35.01
1691,United States,-90.25,38.6
1694,United States,-90.25,38.6
1696,Japan,138.949444,36.838889
1699,Japan,134.094722,35.184167
1703,United States,-90.25,38.6
1705,Japan,35.31,35.31
1710,Japan,133.901056,34.970917
1711,United States,-90.25,38.6
1712,United States,-90.25,38.6
1713,United States,-90.25,38.6
1716,Japan,34.4,34.4
1717,United States,-90.25,38.6
1719,United States,-90.25,38.6
1720,United States,-90.25,38.6
1738,Japan,134.327222,35.108333
1742,Japan,33.44,33.44
1754,Japan,35.15,35.15
1755,Japan,34.41,34.41
1757,Japan,34.4,34.4
1758,United Kingdom,-1.92754,52.64272
1759,Japan,135.84549,34.6846
1761,Japan,138.07,36.86
1762,United States,-90.25,38.6
1763,Japan,135.84549,34.6846
1764,Japan,34.41,34.41
1769,Japan,34.4,34.4
1770,Japan,36.12,36.12
1775,New Zealand,175.104,-39.8858
1776,New Zealand,175.104,-39.8858
1777,Japan,35.15,35.15
1783,Japan,32.23,32.23
1784,Japan,140.466667,37.666667
1785,United Kingdom,-2.64435,52.64548
1786,Japan,134.3275,35.108333
1787,Australia,145.35,-37.9
1790,United Kingdom,-2.64435,52.64548
1791,Australia,145.35,-37.9
1792,United Kingdom,-3.46869,55.99969
1793,Japan,134.350278,35.113611
1794,Japan,140.466667,37.666667
1795,United Kingdom,-3.46869,55.99969
1801,Australia,138.7330431,-34.99428132
1805,Japan,140.92,37.41
1808,Japan,34.33,34.33
1810,Japan,34.4,34.4
1812,Japan,136.51924,36.313015
1815,Japan,139.088506,35.199118
1817,Japan,35.16,35.16
1818,Japan,35.42,35.42
1819,Japan,139.190574,35.307441
1826,Japan,33.47,33.47
1827,Japan,133.562694,34.935361
1835,Japan,139.575959,35.458263
1846,Japan,133.562694,34.935361
1850,Japan,35.24,35.24
1852,South Korea,128.47111,38.16611
1857,Japan,139.628037,35.240789
1858,Japan,34.32,34.32
1866,Japan,134.366944,35.261944
1867,Canada,-122.95,49.266667
1868,Japan,139.120169,35.239949
1869,Canada,-122.95,49.266667
1870,Japan,35.31,35.31
1875,Japan,135.8013,35.0289
1876,New Zealand,174.766667,-36.866667
1877,New Zealand,174.766667,-36.9
1879,Japan,34.52,34.52
1880,Japan,34.36,34.36
1883,Japan,34.36,34.36
1899,Japan,136.577342,36.011541
1905,Japan,35.32,35.32
1924,Japan,38.53,38.53
1939,Japan,35.32,35.32
1949,Japan,35.4,35.4
1950,Japan,136.577342,36.011541
1960,Japan,140.32,36.98
1971,Japan,134.066667,33.883333
1974,Japan,134.158611,35.170278
1985,Japan,35.24,35.24
1986,Japan,133.531306,35.2175
1987,Japan,34.13,34.13
1994,Japan,33.27,33.27
1996,Japan,140.68,39.44
1997,Japan,133.547944,35.228333
2001,Japan,34.51,34.51
2002,Japan,140.09621,36.20798
2005,Japan,35.24,35.24
2006,Japan,140.09621,36.20798
2007,Japan,140.09621,36.20798
2008,Japan,139.253067,35.457424
2009,United Kingdom,-3.41928,55.96432
2011,Japan,139.240569,35.449091
2012,United Kingdom,-3.41928,55.96432
2013,Japan,35.24,35.24
2014,Japan,141.516667,38.3
2015,New Zealand,174.766667,-36.85
2016,New Zealand,174.583333,-36.9
2017,China,115.785877,29.599068
2018,China,115.989221,29.671778
2022,Spain,-2.68,42.84
2026,Spain,-2.94,43.26
2032,Japan,35.09,35.09
2034,Japan,34.57,34.57
2038,Japan,139.165573,35.515748
2043,Japan,139.115579,35.457419
2045,Japan,34.57,34.57
2052,Japan,133.988889,35.330556
2057,United States,-90.258611,38.610833
2058,Japan,139.9324,36.79921
2059,Japan,139.9324,36.79921
2060,Japan,35.32,35.32
2061,Japan,139.9324,36.79921
2062,Canada,-123.233333,49.25
2065,Japan,35.1,35.1
2068,Japan,35.32,35.32
2074,Japan,34.51,34.51
2075,Japan,34.51,34.51
2077,Japan,34.52,34.52
2078,Japan,34.5,34.5
2081,Japan,35.26,35.26
2084,Japan,34.52,34.52
2093,Japan,35.24,35.24
2094,Japan,140.73,38.38
2097,Japan,35.03,35.03
2100,Japan,35.22,35.22
2104,Japan,34.46,34.46
2105,Japan,35.12,35.12
2106,Japan,34.53,34.53
2108,Japan,35.24,35.24
2113,Japan,35.25,35.25
2115,Japan,35.25,35.25
2117,Japan,141.5,37.77
2120,Japan,34.58,34.58
2122,Japan,35.19,35.19
2123,Spain,-2.156,43.255001
2127,Japan,34.47,34.47
2130,Japan,35.24,35.24
2132,Japan,35.25,35.25
2139,Japan,35.36,35.36
2150,Japan,135.79846,34.40693
2151,Japan,35.04,35.04
2153,Japan,139.440278,38.195
2154,Japan,34.51,34.51
2156,Japan,133.990139,35.128972
2157,United States,-77.0575,38.8994
2160,Japan,138.542404,35.91509
2163,Japan,35.19,35.19
2166,Japan,135.79846,34.40693
2170,Japan,34.51,34.51
2171,Japan,35.24,35.24
2173,Japan,137.846633,36.674744
2174,Japan,139.066389,36.779722
2177,Japan,137.863889,36.890833
2184,Japan,35.26,35.26
2185,Japan,138.542404,35.91509
2190,Japan,34.51,34.51
2192,Japan,34.46,34.46
2193,Japan,139.061667,36.750833
2194,Japan,35.24,35.24
2196,Japan,34.51,34.51
2198,Japan,138.990593,35.440752
2201,Japan,35.23,35.23
2203,Japan,34.51,34.51
2204,Japan,142.383333,43.366667
2205,Japan,139.015278,36.957778
2206,Japan,34.47,34.47
2208,Japan,35.27,35.27
2209,Japan,139.065591,35.174119
2210,Japan,139.068333,36.932778
2213,Japan,34.53,34.53
2215,Japan,35.23,35.23
2218,Japan,35.12,35.12
2219,Japan,139.375833,36.537222
2225,China,115.998104,29.61015
2226,Japan,135.8013,35.0289
2229,Japan,133.096134,33.126988
2231,Japan,34.53,34.53
2234,Japan,34.53,34.53
2250,Japan,34.5,34.5
2299,United States,-73.99111,40.65222
2303,Japan,34.5,34.5
2323,Japan,34.47,34.47
2326,Japan,34.39,34.39
2329,Japan,140.109244,35.403281
2330,Japan,140.04675,35.453269
2331,Japan,140.63547,39.50046
2335,Japan,140.209239,35.328289
2337,Japan,139.340558,35.540748
2338,Japan,139.340558,35.540748
2340,Japan,140.209239,35.328289
2341,Japan,34.45,34.45
2343,Japan,140.5428,36.56289
2344,Japan,34.39,34.39
2346,Japan,139.340558,35.540748
2347,Japan,140.36012,36.77835
2348,Japan,140.146744,35.319956
2351,Japan,139.055595,36.767252
2352,Japan,140.73969,36.80775
2354,Japan,140.121744,35.386614
2356,Japan,140.096744,35.519928
2359,Japan,140.121742,35.528261
2366,Japan,135.8013,35.0289
2367,United States,-91.0949,30.356
2368,Japan,34.51,34.51
2379,Japan,34.43,34.43
2389,Japan,140.171742,35.328289
2393,Japan,140.33194,39.64494
2394,Japan,139.028093,35.315767
2403,Japan,139.128084,35.257447
2405,Japan,35.11,35.11
2406,Japan,140.19257,36.24783
2408,Japan,140.52885,36.53717
2412,Japan,34.19,34.19
2413,Japan,140.08775,36.33259
2418,Japan,140.09621,36.20798
2423,China,110.871148,30.222233
2424,China,110.871148,30.222233
2425,China,114.381419,30.561162
2427,Japan,35.12,35.12
2428,Spain,-2.156,43.255001
2429,Japan,34.59,34.59
2430,Japan,34.59,34.59
2431,Japan,34.49,34.49
2432,Japan,34.49,34.49
2436,Japan,35.24,35.24
2454,Japan,137.6,36.9
2460,Japan,35.24,35.24
2465,Japan,35.11,35.11
2466,Spain,-2.156,43.255001
2471,Japan,35.3,35.3
2477,Japan,140.11543,39.68961
2482,Japan,34.39,34.39
2487,Japan,140.33194,39.64494
2488,Japan,140.09322,36.27732
2489,Japan,139.093056,36.791944
2491,Japan,132.86875,33.4625
2503,Japan,34.51,34.51
2504,Japan,34.51,34.51
2511,Japan,133.817667,35.248556
2514,Japan,140.52885,36.53717
2518,Japan,139.3475,36.503056
2520,Japan,35.55,35.55
2525,Japan,34.48,34.48
2529,China,119.45,30.333333
2530,Japan,140.36012,36.77835
2532,Japan,140.36012,36.77835
2535,Japan,135.82219,34.68138
2536,Spain,-8.666,42.421
2574,Japan,37.1,37.1
2622,Japan,133.840833,35.188889
2628,Japan,133.840833,35.188889
2632,Japan,35.32,35.32
2640,Japan,139.069722,36.781111
2642,Japan,133.20625,33.529167
2648,Japan,34.3,34.3
2652,Japan,140.36012,36.77835
2653,Japan,140.85748,38.26021
2654,Japan,140.85748,38.26021
2656,Japan,134.05,34.333333
2657,Japan,34.46,34.46
2658,Japan,34.46,34.46
2660,Germany,11.46,48.87
2661,Germany,11.54,48.52
2662,Germany,11.37,48.77
2663,Germany,10.96,48.87
2664,Germany,11.29,48.82
2665,Germany,11.46,48.87
2666,Germany,11.29,48.87
2667,Germany,11.62,48.57
2668,Germany,11.21,48.87
2669,Germany,11.46,48.72
2670,Germany,11.54,48.72
2671,Germany,11.54,48.77
2672,Germany,10.96,48.87
2673,Germany,11.37,48.62
2674,Germany,11.46,48.82
2675,Germany,11.46,48.77
2676,Germany,11.54,48.72
2677,Germany,11.37,48.72
2678,Germany,11.62,48.52
2679,Germany,11.62,48.77
2680,Germany,11.46,48.72
2681,Germany,11.62,48.77
2682,Germany,11.46,48.77
2683,Germany,11.37,48.82
2684,Germany,11.46,48.82
2685,Germany,11.37,48.77
2687,Hungary,19.091667,47.491667
2690,Japan,35,35
2705,Japan,140.60443,39.6386
2711,Japan,35.28,35.28
2717,Japan,140.36385,36.76401
2719,Japan,133.03125,33.479167
2733,Japan,139.193333,36.561944
2740,Japan,133.03125,33.479167
2744,Japan,133.928611,35.293333
2745,Japan,139.073611,36.779444
2749,Japan,139.003093,35.407422
2751,Japan,138.915603,35.399088
2752,Japan,35,35
2753,Japan,136.6,36.55
2761,Japan,134.405278,35.184444
2763,Canada,-123,49
2765,Japan,134.405278,35.184444
2772,Spain,-8.3,42.68
2774,Spain,-8.77,42.5
2786,Japan,133.989722,35.221111
2788,Japan,135.82219,34.68138
2791,Japan,135.82219,34.68138
2792,China,109.484961,29.990847
2795,Japan,139.08423,36.0085
2799,Japan,139.578043,35.324113
2808,Japan,139.09544,36.20924
2809,Japan,34.43,34.43
2816,Japan,34.42,34.42
2817,Japan,139.046199,35.324597
2820,Japan,140.69554,39.67985
2827,Japan,138.3302,36.0334
2831,Japan,134.133722,35.247222
2838,Japan,135.79846,34.40693
2839,Japan,133.477778,35.086944
2845,Japan,140.16,40.34785
2846,Japan,139.08423,36.0085
2848,Japan,139.08423,36.0085
2851,Japan,140.24724,40.22152
2857,Japan,134.03125,33.6875
2865,Japan,139.303063,35.499088
2867,Japan,139.08423,36.0085
2868,Japan,138.4,35.866667
2871,Japan,138.4,35.866667
2879,Japan,139.08423,36.0085
2881,Japan,140.29631,39.17816
2883,Japan,139.028366,36.691848
2886,Japan,139.365557,35.499089
2891,Japan,139.001896,36.861491
2906,Japan,140.36012,36.77835
2909,Japan,139.128074,35.665726
2910,Australia,149.1167,-35.25
2911,Japan,140.36012,36.77835
2914,Japan,139.601944,36.354167
2915,Japan,140.36012,36.77835
2918,Japan,140.36012,36.77835
2919,Japan,140.36012,36.77835
2922,Japan,139.078085,35.332433
2926,Australia,149.05,-35.3667
2927,Japan,139.153073,35.590737
2929,Japan,139.56329,36.00533
2932,Japan,139.17807,35.590738
2935,Japan,139.00264,36.02119
2937,Japan,139.00264,36.02119
2938,Japan,139.00264,36.02119
2939,Japan,137.868889,35.253611
2941,Japan,139.228068,35.532414
2942,Japan,133.60725,34.978472
2943,Japan,139.478049,35.474093
2945,Japan,139.093333,36.588889
2947,Japan,139.265565,35.565744
2949,Japan,139.278063,35.574077
2950,Japan,139.053092,35.265776
2951,Japan,139.053092,35.265776
2955,Japan,139.56329,36.00533
2956,Japan,139.923415,35.824889
2957,Japan,139.08423,36.0085
2958,Japan,139.478045,35.607407
2963,Japan,38.26,38.26
2964,Japan,139.453052,35.415767
2965,Japan,139.00264,36.02119
2971,Japan,38.28,38.28
2974,Japan,38.35,38.35
2976,Japan,139.00264,36.02119
2978,Japan,139.390552,35.582406
2981,Japan,139.390552,35.582406
2988,Japan,139.070833,36.781111
2990,Japan,133.86875,33.7375
2994,Japan,140.36012,36.77835
2997,Japan,134.157778,35.153333
2999,Japan,139.56329,36.00533
3000,Japan,140.36012,36.77835
3008,Japan,138.98224,36.02926
3011,Japan,140.36012,36.77835
3013,Japan,139.290564,35.449092
3019,Japan,140.36012,36.77835
3021,Japan,140.77678,36.85362
3023,Japan,139.08423,36.0085
3025,Japan,138.98224,36.02926
3028,Japan,133.99375,33.804167
3029,Japan,139.1044,35.98908
3030,Japan,139.090591,35.174121
3031,Canada,-123.233333,49.25
3035,Japan,139.00264,36.02119
3039,Japan,134.03125,33.770833
3040,Japan,139.56329,36.00533
3044,Japan,133.99375,33.545833
3045,Japan,139.0919,36.08048
3046,Japan,133.383889,35.071389
3051,Japan,134.01875,33.6875
3055,Japan,139.278063,35.582409
3056,Canada,-123.1,49.233333
3066,Japan,139.528047,35.357443
3069,Japan,139.0919,36.08048
3070,Japan,139.628038,35.440766
3071,Japan,138.915603,35.399088
3072,Japan,140.69048,36.73775
3073,Japan,140.69048,36.73775
3074,Japan,139.56329,36.00533
3075,Japan,138.915603,35.399088
3078,Japan,139.665532,35.549087
3081,Japan,140.69048,36.73775
3085,Japan,139.56329,36.00533
3087,Japan,139.578042,35.34911
3088,Japan,140.69048,36.73775
3089,Japan,139.528046,35.390772
3090,Japan,139.56329,36.00533
3095,Japan,35.14,35.14
3097,Japan,139.578042,35.482428
3100,Japan,139.140588,35.15746
3101,Japan,138.940599,35.399088
3102,Japan,139.087778,36.785556
3103,Japan,139.590536,35.60741
3104,Japan,133.515083,35.172611
3105,Japan,140.7077,36.72992
3106,Japan,133.485556,35.1575
3107,Japan,139.653031,35.582414
3108,Japan,140.7077,36.72992
3109,Japan,139.08423,36.0085
3110,Japan,140.52885,36.53717
3111,Japan,139.065584,35.382425
3112,Japan,140.7133,36.71266
3113,Japan,139.59054,35.515757
3114,Japan,138.971944,36.781389
3115,Japan,139.08423,36.0085
3116,Japan,139.33031,36.02198
3117,Japan,139.065584,35.382425
3120,Japan,140.34956,40.14473
3121,Japan,139.040593,35.215781
3124,Japan,139.56329,36.00533
3126,Japan,139.665533,35.52409
3127,Japan,139.040593,35.215781
3129,Japan,139.040593,35.215781
3130,Japan,139.503048,35.474094
3131,Japan,140.69048,36.73775
3132,Japan,140.69048,36.73775
3136,Japan,139.040593,35.215781
3137,Japan,139.365556,35.524084
3138,Japan,139.565543,35.415768
3143,Japan,139.165574,35.499083
3144,Japan,139.0919,36.08048
3145,Japan,139.3029,36.07414
3146,Japan,139.515544,35.565749
3148,Japan,140.36012,36.77835
3150,Japan,139.090594,35.140791
3152,Japan,138.416667,35.933333
3153,Japan,139.115579,35.457419
3155,Japan,139.128078,35.465752
3156,Japan,139.128078,35.465752
3157,Japan,139.140576,35.515747
3158,Japan,139.503047,35.507422
3159,Japan,139.1044,35.98908
3160,Japan,139.115579,35.457419
3163,South Korea,126.533333,35.625
3164,Japan,139.178073,35.490751
3165,Japan,138.4636,36.05
3166,Japan,139.340557,35.582409
3169,Japan,139.165574,35.474085
3171,Japan,139.015598,35.240778
3172,North Korea,126.533333,35.625
3173,Japan,139.140574,35.599069
3175,Japan,138.4636,36.05
3176,Japan,138.990599,35.240777
3178,Japan,139.140573,35.615734
3179,Japan,139.140574,35.599069
3180,Japan,139.003093,35.39909
3183,Japan,139.490548,35.499089
3185,Japan,139.065595,35.149123
3188,Japan,139.590541,35.390772
3189,Japan,34.16,34.16
3192,Japan,139.115591,35.149125
3198,Japan,139.053092,35.232447
3199,Japan,139.315562,35.432428
3202,Japan,137.183333,36.7
3204,Japan,139.590541,35.357442
3206,Japan,139.278065,35.474089
3207,Japan,139.140581,35.282444
3210,Japan,139.315562,35.432428
3213,Japan,133.08125,33.604167
3215,Japan,139.1044,35.98908
3217,Japan,139.00264,36.02119
3218,Japan,139.08423,36.0085
3219,Japan,139.00264,36.02119
3220,Japan,139.265563,35.599072
3222,Japan,133.06875,33.570833
3226,Japan,139.015595,35.315766
3227,Japan,139.1044,35.98908
3228,Japan,139.015595,35.315766
3231,Japan,139.003097,35.290769
3232,Japan,139.240568,35.540746
3233,Japan,139.015595,35.315766
3239,Japan,140.67,39.65
3240,Japan,139.265566,35.465757
3242,Japan,139.08423,36.0085
3243,Japan,139.265566,35.465757
3249,Japan,141.33707,43.05332
3250,Japan,133.05625,33.570833
3254,Japan,138.926389,36.826944
3255,Japan,133.05625,33.570833
3259,Japan,139.00264,36.02119
3260,Japan,139.140573,35.64073
3261,Japan,139.090581,35.499081
3263,Japan,139.04059,35.332432
3267,Japan,139.165571,35.649063
3268,Japan,139.090581,35.499081
3269,Japan,139.090581,35.499081
3271,Japan,35.01,35.01
3273,Japan,133.419722,34.987778
3274,Japan,139.278064,35.50742
3276,Japan,139.165574,35.474085
3277,Japan,139.278064,35.50742
3278,Japan,138.990594,35.415755
3279,Japan,139.053086,35.474083
3280,Japan,35.07,35.07
3282,Japan,139.590541,35.357442
3284,Japan,139.053086,35.474083
3285,Japan,139.053086,35.474083
3286,Japan,139.053086,35.474083
3287,Japan,139.083328,35.349998
3288,Japan,139.053086,35.474083
3289,Japan,35.01,35.01
3290,Japan,139.665535,35.415769
3291,Japan,34.52,34.52
3292,Japan,139.665535,35.415769
3293,Japan,139.665535,35.415769
3295,Japan,139.665535,35.415769
3296,Japan,36.17,36.17
3298,Japan,139.233337,35.366665
3299,Japan,36.17,36.17
3300,China,120.172973,30.273977
3302,Japan,139.490549,35.432433
3303,Japan,139.0919,36.08048
3304,Japan,139.47805,35.449097
3309,Japan,138.927778,36.808889
3310,Japan,139.56329,36.00533
3312,Japan,139.040594,35.249112
3317,Japan,139.615539,35.324115
3319,Japan,139.065591,35.24078
3321,Japan,133.681417,35.11525
3323,Japan,139.065591,35.24078
3328,Japan,139.290563,35.532417
3332,Japan,139.103087,35.249114
3336,Japan,139.090582,35.490749
3337,Japan,139.153074,35.549077
3340,Japan,133.681417,35.11525
3341,Japan,138.965597,35.399089
3342,Japan,139.103087,35.240782
3348,Japan,138.940599,35.399088
3350,Japan,138.965597,35.399089
3352,Japan,139.128077,35.549077
3355,Japan,139.1044,35.98908
3356,Japan,139.103087,35.249114
3359,Japan,138.9906,35.224112
3361,Japan,140.17484,39.12112
3362,Japan,138.9906,35.224112
3364,Japan,139.13625,37.347194
3365,Japan,138.978101,35.215779
3366,Japan,139.08423,36.0085
3367,Japan,140.69048,36.73775
3368,Japan,139.028095,35.224114
3373,Japan,138.978101,35.215779
3374,Japan,139.065589,35.215782
3375,Japan,138.9906,35.224112
3376,Japan,140.69048,36.73775
3377,Japan,139.003097,35.290769
3380,Japan,138.9906,35.224112
3382,Japan,139.065589,35.215782
3384,Japan,139.028095,35.224114
3385,Japan,138.978099,35.265773
3386,Japan,139.003097,35.282437
3387,Japan,139.457,35.64669
3388,Japan,139.457,35.64669
3389,Japan,138.978099,35.265773
3390,Japan,139.003097,35.282437
3391,Japan,139.540546,35.332446
3392,Japan,138.978099,35.265773
3394,Japan,139.003099,35.232445
3397,Japan,140.36012,36.77835
3398,Japan,138.990601,35.207447
3399,Japan,139.1044,35.98908
3401,Japan,139.128088,35.199121
3404,Japan,139.190572,35.482419
3406,Japan,139.053089,35.3241
3408,Japan,139.190572,35.482419
3410,Japan,139.0919,36.08048
3412,Japan,140.36012,36.77835
3413,Japan,139.053089,35.3241
3414,Japan,139.190572,35.482419
3416,France,7.53184,48.43874
3419,Japan,139.190572,35.482419
3422,Japan,143.158611,42.874722
3423,Japan,139.20307,35.515749
3432,Japan,139.20307,35.515749
3437,Japan,139.403055,35.474092
3441,Japan,140.4308,38.4443
3444,Japan,139.5,35.75
3445,Japan,139.578043,35.315781
3446,Japan,139.578043,35.315781
3448,United States,-73.96388,40.66805
3451,Japan,139.457,35.64669
3454,Japan,139.457,35.64669
3462,Japan,139.065584,35.415754
3463,Australia,149.1333,-35.25
3464,Japan,139.28473,36.04301
3470,Japan,139.053096,35.157455
3471,Japan,139.040587,35.390756
3475,Japan,139.415553,35.490757
3476,Japan,139.20625,35.3625
3479,Japan,34.53,34.53
3482,Japan,139.028089,35.482415
3483,Japan,139.303063,35.457425
3485,Japan,139.20494,36.02338
3486,Japan,34.53,34.53
3489,Japan,139.165571,35.590737
3493,Japan,139.053086,35.474083
3497,Japan,139.140578,35.407426
3499,Japan,138.978095,35.465749
3502,Japan,139.228067,35.624068
3505,Japan,139.153072,35.615734
3506,Japan,138.978101,35.215779
3508,Japan,139.165571,35.649063
3509,Japan,139.0027,37.1334
3510,Japan,138.965596,35.43242
3513,Japan,139.028088,35.432418
3514,Japan,139.522,37.431
3516,Japan,139.103081,35.482416
3517,Japan,139.028088,35.432418
3520,Japan,139.078083,35.390758
3521,Japan,139.522,37.431
3522,Japan,139.090581,35.515746
3524,Japan,139.090583,35.465752
3532,Japan,139.065585,35.490748
3533,Japan,139.528044,35.565749
3536,Japan,139.065585,35.465751
3537,Japan,139.140577,35.440755
3538,Japan,139.26166,36.0569
3539,Japan,139.140577,35.440755
3540,Japan,139.215568,35.649065
3541,Japan,139.26166,36.0569
3542,Japan,139.165574,35.474085
3543,Japan,139.26166,36.0569
3545,Japan,138.9281,35.424086
3546,Japan,139.215568,35.6324
3547,Japan,139.08423,36.0085
3549,Japan,140.63547,39.50046
3550,Japan,139.115579,35.449086
3551,Japan,139.08423,36.0085
3552,Japan,139.240569,35.440759
3555,Japan,139.1044,35.98908
3558,Japan,145,44.05
3560,Japan,145.083333,43.066667
3562,Australia,145.183333,-37.83333304
3564,Japan,139.1044,35.98908
3565,Japan,145,44.05
3566,Japan,138.963806,37.316611
3567,Australia,145.183333,-37.83333304
3568,Japan,137.31778,34.8336
3569,Japan,142.4,43.233333
3570,Japan,139.028093,35.315767
3571,Japan,138.965596,35.424087
3572,Japan,141.65,42.633333
3574,Japan,139.08423,36.0085
3576,Japan,140.65,42
3579,Japan,141.65,42.633333
3584,Japan,139.053091,35.28244
3585,France,7.33745,47.72503
3587,United States,-73.55,41.13472
3588,United States,-73.55,41.13472
3590,Japan,34.53,34.53
3592,Japan,139.56329,36.00533
3596,Japan,139.365556,35.532416
3597,Japan,139.89622,36.82483
3599,Japan,139.20494,36.02338
3603,Japan,139.56329,36.00533
3604,Japan,139.08423,36.0085
3605,Japan,139.60304,35.407438
3608,Japan,139.23267,36.02811
3609,Japan,34.53,34.53
3610,Japan,139.56329,36.00533
3611,Japan,139.16875,35.395833
3612,Japan,139.56329,36.00533
3615,Japan,139.08423,36.0085
3620,Japan,138.964936,36.834742
3623,Japan,138.846944,36.673611
3625,Japan,139.25625,35.295833
3628,Japan,139.24375,35.429167
3629,Japan,139.24375,35.370833
3636,Japan,138.930556,36.833333
3637,Japan,139.56329,36.00533
3638,Japan,137.31778,34.8336
3639,Japan,138.765278,36.041389
3641,Japan,139.56329,36.00533
3642,Japan,139.590541,35.45743
3643,Japan,139.23267,36.02811
3645,Japan,139.56329,36.00533
3646,Japan,139.56329,36.00533
3647,Japan,139.23267,36.02811
3648,Japan,140.0717,41.4801
3649,Japan,139.24375,35.429167
3650,Japan,139.23267,36.02811
3652,Japan,139.23267,36.02811
3655,Japan,139.20494,36.02338
3657,Japan,139.23267,36.02811
3658,Japan,139.20494,36.02338
3659,Japan,139.19375,35.404167
3661,Japan,139.28125,35.404167
3662,Japan,139.20494,36.02338
3666,Japan,139.33125,35.420833
3667,Japan,139.20494,36.02338
3668,Japan,140.7077,36.72992
3670,Japan,139.415553,35.490757
3672,Japan,139.578042,35.390772
3673,Japan,140.37746,37.02807
3674,Japan,139.56329,36.00533
3675,Japan,139.56329,36.00533
3676,Japan,139.56329,36.00533
3677,Japan,139.08423,36.0085
3678,Japan,139.253066,35.524083
3679,Japan,139.56329,36.00533
3680,Japan,139.56329,36.00533
3682,United States,-73.55,41.13472
3684,Japan,140.37746,37.02807
3685,Japan,140.37746,37.02807
3686,Japan,133.60625,33.704167
3687,Japan,139.31875,35.3125
3689,Japan,138.856111,36.667778
3690,Japan,140.52885,36.53717
3691,Japan,139.56329,36.00533
3692,Japan,139.56329,36.00533
3695,Japan,139.56329,36.00533
3696,Japan,139.165573,35.540744
3697,Japan,139.77882,37.20166
3698,Japan,139.56329,36.00533
3699,Japan,139.56329,36.00533
3700,Japan,139.56329,36.00533
3701,Japan,139.56329,36.00533
3702,Japan,139.56329,36.00533
3703,Japan,139.215569,35.507417
3704,Japan,139.56329,36.00533
3705,Japan,139.56329,36.00533
3706,Japan,139.165573,35.540744
3707,Japan,139.56329,36.00533
3714,Japan,133.75625,33.754167
3723,Japan,139.56329,36.00533
3724,United Kingdom,-2.54356,52.26391
3725,Japan,139.56329,36.00533
3726,Japan,139.56329,36.00533
3727,Japan,139.56329,36.00533
3728,Japan,139.56329,36.00533
3729,Japan,139.3334,35.62777
3730,Japan,139.56329,36.00533
3731,Japan,139,36.400002
3732,New Zealand,174.766667,-36.85
3735,Japan,139.25625,35.3375
3738,Japan,139.565544,35.324113
3739,Japan,139.56329,36.00533
3740,Japan,139.60304,35.440766
3742,Japan,139.43125,35.345833
3743,Japan,139.43125,35.345833
3745,Japan,137.183333,36.7
3747,Japan,139.56329,36.00533
3748,Japan,139.56329,36.00533
3749,Japan,137.183333,36.7
3751,Japan,139.30625,35.320833
3755,Japan,139.21557,35.457423
3756,Japan,139.30625,35.320833
3757,Japan,139.30625,35.320833
3758,Japan,139.30625,35.320833
3762,Japan,139.50625,35.345833
3764,Japan,139.56329,36.00533
3765,Japan,140.47108,39.99372
3766,Japan,133.841775,34.049055
3767,Japan,139.065584,35.507412
3772,Japan,139.56329,36.00533
3776,Japan,139.43125,35.379167
3781,United States,-72.9247,41.3114
3784,Japan,139.290562,35.574077
3786,United States,-72.9247,41.3114
3787,United States,-73.55,41.13472
3788,Japan,139.065591,35.174119
3789,Japan,139.56329,36.00533
3790,Japan,139.56329,36.00533
3791,Japan,139.56329,36.00533
3793,Japan,139.56329,36.00533
3794,China,115.989221,29.671778
3795,China,115.989221,29.671778
3796,China,114.381419,30.561162
3797,China,115.989221,29.671778
3798,China,115.989221,29.671778
3799,China,114.381419,30.561162
3803,Japan,34.13,34.13
3813,Japan,133.531226,33.561614
3814,Japan,140.854167,42.601111
3823,Japan,140.47108,39.99372
3827,Japan,134.11875,33.495833
3828,Japan,138.967222,36.978333
3829,Japan,140.21487,39.80225
3832,United States,-72.9247,41.3114
3833,Japan,140.44765,36.3988
3836,United States,-73.96388,40.66805
3843,Japan,139.56329,36.00533
3850,Japan,133.88125,33.779167
3854,Japan,140.105,36.22583
3860,Japan,139.70848,35.73403
3870,Japan,139.08423,36.0085
3873,Japan,138.950833,36.840833
3875,Japan,139.56329,36.00533
3878,Japan,34.55,34.55
3884,Japan,140.01413,36.00192
3888,Japan,134.020983,33.855056
3891,Japan,35.06,35.06
3892,Sweden,13.137228,56.725005
3894,Japan,134.020983,33.855056
3897,Japan,134.020983,33.855056
3904,Japan,35.13,35.13
3910,Japan,139.195833,36.9175
3911,Japan,141.02242,38.31862
3912,Japan,140.46529,39.15375
3915,Japan,140.46529,39.15375
3920,Japan,139.105,36.969444
3926,Japan,139.105556,37.043889
3927,Japan,140.58919,39.2939
3928,Japan,140.58919,39.2939
3938,Japan,140.01413,36.00192
3940,Japan,35.07,35.07
3946,Japan,138.5547,36.1212
3951,Japan,140.36012,36.77835
3955,Japan,140.38199,40.20682
3956,Japan,140.24931,36.38967
3960,United States,-71.11666,42.53333
3961,Japan,139.022778,36.705556
3962,United States,-77.615558,43.154783
3963,Japan,139.08423,36.0085
3971,Japan,139.134167,36.987778
3976,Japan,132.84375,33.454167
3977,United States,-73.8775,40.86361
3978,Japan,133.65625,33.845833
3981,Japan,140.37804,36.47987
3983,Australia,149.1,-35.2667
3985,Japan,134.297,34.5103
3986,Japan,134.297,34.5103
3989,Japan,134.023723,33.690277
3991,Japan,140.28654,36.1961
3994,Japan,35.48,35.48
3996,Japan,133.934407,33.883189
3998,Japan,143.158611,42.874722
4002,Japan,143.220922,42.245377
4003,Japan,134.427581,33.858533
4005,Japan,138.30643,36.27703
4008,Japan,138.47,36.589167
4009,Japan,138.30643,36.27703
4010,Japan,140.36012,36.77835
4013,Japan,35.32,35.32
4024,Japan,134.30143,33.82798
4027,Japan,35.12,35.12
4029,Japan,35.12,35.12
4036,Japan,138.98224,36.02926
4041,Japan,139.00264,36.02119
4047,United States,-118.117631,34.195867
4055,Japan,134.320451,34.067281
4058,Japan,144.066667,42.95
4060,Japan,139.067901,35.2412
4067,Japan,139.048843,35.257308
4069,Japan,139.048843,35.257308
4070,United States,-117.730556,34.108333
4071,Japan,139.292952,35.581323
4072,United States,-73.02,41.3567
4081,Japan,134.102973,34.082194
4086,Australia,145.183333,-37.83333304
4090,Japan,134.108446,33.727963
4091,Japan,134.108446,33.727963
4092,Japan,139.08423,36.0085
4094,Japan,134.108446,33.727963
4095,Canada,-128.183333,50.683333
4096,Japan,134.108446,33.727963
4097,Japan,134.108446,33.727963
4098,Canada,-128.183333,50.683333
4100,Japan,138.492231,36.938062
4104,United States,-96.18166,38.4039
4108,Japan,139.08423,36.0085
4109,Japan,139.08423,36.0085
4110,Japan,139.08423,36.0085
4111,Japan,139.32079,35.94208
4114,Japan,139.01875,35.429167
4119,Japan,139.06875,35.454167
4123,Japan,139.01875,35.379167
4124,Japan,139.01875,35.379167
4125,Japan,139.01875,35.379167
4127,Japan,139.01875,35.429167
4130,Japan,139.01875,35.379167
4132,Japan,139.01875,35.429167
4137,Japan,139.01875,35.379167
4138,Japan,139.01875,35.379167
4140,Japan,139.01875,35.379167
4141,Japan,139.06875,35.454167
4144,Japan,139.06875,35.454167
4146,Japan,139.06875,35.454167
4148,Japan,139.01875,35.429167
4153,Japan,139.01875,35.379167
4154,Japan,139.01875,35.379167
4155,Japan,139.01875,35.379167
4156,Japan,139.01875,35.429167
4159,Japan,139.01875,35.379167
4200,Japan,138.492231,36.938062
4202,Japan,140.41,36.55083
4207,Japan,138.492231,36.938062
4221,Japan,35.22,35.22
4223,Japan,140.55498,36.52578
4225,Japan,140.41,36.55083
4226,Japan,140.37804,36.47987
4229,United States,-121.844722,39.729444
4230,Japan,140.37804,36.47987
4233,Japan,133.779061,33.793032
4236,Japan,133.531226,33.561614
4237,Japan,133.243982,33.517204
4238,Japan,133.243982,33.517204
4239,Japan,133.243982,33.517204
4240,Japan,133.243982,33.517204
4241,Japan,133.531226,33.561614
4243,Japan,133.76934,33.79306
4244,Japan,133.243982,33.517204
4245,Japan,133.531226,33.561614
4246,Japan,133.531226,33.561614
4247,Japan,133.243982,33.517204
4248,Japan,133.531226,33.561614
4249,Japan,133.243982,33.517204
4250,Japan,133.243982,33.517204
4251,Japan,133.531226,33.561614
4252,Japan,139.32764,35.31932
4253,Japan,133.531226,33.561614
4254,Japan,133.912411,33.536847
4259,Japan,35.24,35.24
4293,Japan,136.525379,36.203991
4304,Japan,140.646,36.60202
4307,Japan,140.646,36.60202
4312,Japan,139.974803,37.673538
4314,Japan,140.646,36.60202
4318,Japan,139.77882,37.20166
4321,Japan,143.316667,42.3
4335,Japan,138.571111,36.459167
4344,Japan,138.558333,36.463333
4345,Australia,150.65,-30.483333
4346,Japan,140.71274,36.71659
4347,Japan,140.52885,36.53717
4348,Japan,137.016667,36.733333
4349,Australia,149.1167,-35.3
4351,United States,-72.25,41.80833
4359,United States,-72.25,41.80833
4372,Japan,35.01,35.01
4399,Japan,134.151471,33.867222
4402,Japan,134.204801,33.858224
4408,Japan,136.493336,36.162174
4414,Japan,137.216667,36.55
4416,Japan,136.493336,36.162174
4420,Japan,33.43,33.43
4423,Australia,149.1167,-35.2667
4426,Japan,139.32764,35.31932
4427,Australia,149.1167,-35.2667
4428,Australia,149.1167,-35.2667
4429,Australia,149.1167,-35.2667
4430,Australia,149.1167,-35.3
4437,Japan,139.578042,35.34911
4442,Japan,136.373867,36.212024
4450,United States,-121.846111,39.73
4452,Japan,136.488973,36.300985
4454,Japan,138.967222,36.859722
4458,Japan,136.332279,36.229205
4460,Japan,136.328015,36.27162
4470,Japan,35.1,35.1
4473,Japan,35.27,35.27
4476,Japan,35.28,35.28
4478,Japan,135.79846,34.40693
4495,Japan,136.579878,36.351982
4496,Japan,136.579878,36.351982
4500,Japan,135.79846,34.40693
4501,Japan,139.080278,35.4475
4502,Japan,140.73969,36.80775
4507,Japan,139.287206,37.217873
4508,Japan,140.56706,39.59456
4509,Japan,139.287206,37.217873
4525,Japan,140.73969,36.80775
4527,Japan,37.09,37.09
4528,Japan,37.09,37.09
4536,Japan,138.443333,36.4825
4538,United States,-121.846389,39.729167
4557,Japan,139.08423,36.0085
4559,Japan,36.09,36.09
4561,Japan,36.09,36.09
4563,Japan,140.28654,36.1961
4568,Japan,139.08423,36.0085
4587,Japan,139.08423,36.0085
4642,Japan,136.212257,34.082864
4646,Japan,139.278065,35.440759
4649,Japan,139.603041,35.299117
4652,Japan,138.973613,36.842584
4655,Japan,139.190556,36.805278
4677,Japan,139.369722,37.711111
4691,Japan,140.15267,35.162249
4698,Japan,138.97862,37.25578
4723,Japan,138.97862,37.25578
4734,Japan,36.09,36.09
4741,Japan,36.09,36.09
4751,Japan,138.816389,36.741944
4753,Japan,138.33328,36.52965
4755,Japan,139.240569,35.432426
4758,Japan,139.075505,35.090166
4764,Japan,130.30521,32.493969
4767,Japan,140.52284,36.54145
4769,Japan,36.1,36.1
4772,Japan,139.578043,35.324113
4774,Japan,139.062222,36.758889
4775,Japan,139.063333,36.786111
4778,Japan,140.52284,36.54145
4780,Japan,139.078089,35.224116
4781,Japan,136.538257,36.249467
4782,Japan,139.315563,35.324109
4784,China,114.381419,30.561162
4785,China,114.381419,30.561162
4786,China,114.381419,30.561162
4787,New Zealand,175.316667,-40.4
4789,Japan,134.554207,34.07531
4791,Japan,136.416667,36.25
4795,Japan,36.25,36.25
4796,Japan,36.26,36.26
4797,Japan,138.953056,36.789444
4802,Japan,139.77882,37.20166
4804,Japan,35.24,35.24
4806,Japan,139.086944,36.676111
4807,Japan,139.086944,36.676111
4809,China,115.822033,29.124451
4810,China,115.822033,29.124451
4811,China,114.381419,30.561162
4812,China,120.406916,31.237023
4813,China,115.822033,29.124451
4814,Australia,150.65,-30.483333
4815,Australia,150.65,-30.483333
4816,Australia,150.65,-30.483333
4825,Japan,138.935413,36.799949
4827,Japan,138.839322,36.760807
4829,Japan,139.601944,36.354167
4843,Canada,-121,49
4859,Canada,-121,49
4865,Japan,36.33,36.33
4866,Canada,-122.816667,49.233333
4868,Japan,36.3,36.3
4869,Japan,36.31,36.31
4871,Canada,-122.816667,49.233333
4875,Japan,36.3,36.3
4876,Japan,36.29,36.29
4878,Japan,36.3,36.3
4881,Japan,140.73969,36.80775
4883,Japan,138.332972,35.275333
4884,Japan,138.332972,35.275333
4888,Japan,139.18125,35.445833
4890,Japan,139.065584,35.507412
4894,Japan,139.061111,36.493889
4896,Japan,140.349444,37.245556
4897,Japan,140.548333,39.451944
4898,Japan,139.0475,36.714722
4900,Japan,138.990594,35.415755
4903,Japan,139.045833,36.471944
4904,China,114.381419,30.561162
4905,China,114.381419,30.561162
4911,Japan,140,37
4917,Japan,138.751187,35.503188
4932,Japan,138.966111,37.31825
4937,Japan,140.36012,36.77835
4939,Japan,140.36012,36.77835
4940,Canada,-123,49
4944,Japan,134.421341,35.115413
4945,Canada,-123,49
4971,Japan,139.065584,35.415754
4975,Japan,139.103081,35.482416
4977,Japan,138.823056,36.766111
4982,Japan,35.49,35.49
4991,China,115.399242,30.78311
4992,China,115.399242,30.78311
4994,Japan,139.228071,35.307442
4995,Japan,140.28654,36.1961
4999,Canada,-123.25,49.25
5001,South Korea,126.97777,37.56611
5002,Canada,-123.25,49.25
5003,Japan,140.29192,36.29898
5005,Japan,138.930135,36.837083
5009,Japan,138.831667,36.745278
5015,Japan,140.52885,36.53717
5018,Japan,140.28654,36.1961
5024,Japan,139.053086,35.474083
5041,Japan,139.053092,35.249112
5047,Japan,139.028096,35.240779
5049,Japan,140.28654,36.1961
5050,China,114.530131,24.742369
5051,China,114.530131,24.742369
5052,China,114.530131,24.742369
5053,China,114.530131,24.742369
5055,Japan,137.898489,35.624144
5056,Japan,140.01413,36.00192
5057,Japan,140.01413,36.00192
5058,Japan,140.01413,36.00192
5059,Japan,137.898489,35.624144
5060,Canada,-121,49
5061,Canada,-121,49
5063,Canada,-121,49
5064,Japan,139.452222,36.488611
5065,Japan,140.36012,36.77835
5072,Japan,142.804167,43.1225
5073,Japan,140.01413,36.00192
5074,Canada,-123.25,49.25
5075,Canada,-123.25,49.25
5076,Japan,142.804167,43.1225
5077,Japan,142.804167,43.1225
5078,Canada,-123.25,49.25
5080,Canada,-123.25,49.25
5083,Japan,140.01413,36.00192
5090,United States,-76.850798,40.965363
5103,Canada,-123,49
5104,Japan,138.758556,36.959222
5105,Japan,139.26289,35.48443
5110,Japan,138.758556,36.959222
5111,Japan,138.758556,36.959222
5112,Japan,138.758556,36.959222
5115,Japan,134.138499,33.73474
5119,Japan,137.932778,36.823056
5120,Canada,-123,49
5121,Japan,134.138499,33.73474
5123,Japan,134.138499,33.73474
5124,Japan,135.79846,34.40693
5126,Japan,135.79846,34.40693
5127,Japan,135.79846,34.40693
5131,Japan,133.707237,33.851773
5134,Japan,133.707237,33.851773
5141,Japan,133.661278,35.270389
5144,Canada,-123,49
5146,Canada,-123.25,49.25
5148,Canada,-123.25,49.25
5150,Canada,-123,49
5151,Canada,-123,49
5152,Japan,138.923889,36.745833
5153,Canada,-123,49
5155,Japan,140.37804,36.47987
5156,Japan,140.29192,36.29898
5157,Japan,140.28654,36.1961
5158,Japan,139.249167,35.6575
5159,Japan,139.361944,36.490278
5160,Japan,139.249167,35.6575
5162,Japan,140.28654,36.1961
5163,Japan,138.997778,36.591944
5165,Japan,136.565618,36.514433
5166,Japan,36.08,36.08
5167,Japan,137.908333,35.592222
5168,Japan,137.908333,35.592222
5176,Japan,137.908333,35.592222
5177,Japan,137.908333,35.592222
5179,Japan,139.062222,36.758889
5187,Japan,136.621888,36.046478
5188,Japan,139.660278,35.608333
5189,Japan,139.660278,35.608333
5190,Japan,139.660278,35.608333
5191,Japan,139.660278,35.608333
5192,Japan,139.660278,35.608333
5193,Japan,139.660278,35.608333
5198,Japan,139.03799,36.5368
5205,Japan,132.17,34.17
5206,Japan,135.79846,34.40693
5225,Japan,140.36012,36.77835
5227,Japan,140.36012,36.77835
5235,Canada,-123.233333,49.25
5236,Canada,-123.25,49.25
5237,Canada,-123.25,49.25
5238,Canada,-123.25,49.25
5240,Canada,-123.25,49.25
5241,Canada,-123.25,49.25
5242,Canada,-123.25,49.25
5243,Canada,-122.75,49.25
5244,Japan,135.79846,34.40693
5247,Canada,-123.25,49.25
5251,Japan,139.080157,35.833759
5252,Japan,139.278064,35.540749
5256,Japan,139.278064,35.540749
5259,Japan,139.553042,35.557417
5261,Germany,13,47.7
5268,New Zealand,176.583333,-40.366667
5269,Japan,132.17,34.17
5287,Japan,41.25,41.25
5290,Japan,139.080157,35.833759
5291,Japan,133.654917,35.289472
5292,Japan,133.654917,35.289472
5296,Japan,139.026111,36.711667
5300,Japan,140.12,37.77
5305,Japan,139.090581,35.507414
5308,Japan,139.189035,35.90764
5310,Japan,139.176389,36.481667
5312,Japan,139.176389,36.481667
5313,Austria,13,47.8
5316,Japan,36.14,36.14
5339,Japan,134.516433,34.060839
5340,Japan,134.516433,34.060839
5341,Japan,134.516433,34.060839
5342,Japan,134.516433,34.060839
5343,Japan,134.516433,34.060839
5344,Japan,134.516433,34.060839
5345,Japan,135.79825,34.35528
5346,Japan,139.528042,35.615743
5347,Japan,139.528042,35.615743
5348,Japan,139.528042,35.615743
5349,Japan,139.528042,35.615743
5350,Japan,139.528042,35.615743
5351,Japan,139.528042,35.615743
5352,China,115.989221,29.671778
5353,China,115.826904,28.746779
5354,China,115.989221,29.671778
5355,China,115.989221,29.671778
5357,Japan,139.74358,38.76864
5359,Japan,134.116445,33.952292
5361,Japan,134.244736,34.080751
5362,Japan,134.244736,34.080751
5365,Japan,134.102973,34.082194
5366,Japan,134.136667,34.991944
5380,Canada,-123,49
5392,China,120.833688,31.662505
5393,China,121.469268,31.238176
5394,China,120.833688,31.662505
5395,China,121.469268,31.238176
5396,China,120.833688,31.662505
5397,China,120.833688,31.662505
5399,China,121.469268,31.238176
5400,China,120.833688,31.662505
5402,Germany,13,47.7
5404,Germany,13,47.7
5405,Japan,134.204801,33.858224
5407,Japan,133.939821,33.995007
5409,Japan,133.939821,33.995007
5411,Japan,134.273959,33.867447
5412,Japan,134.273959,33.867447
5413,Japan,134.320451,34.067281
5414,Japan,133.939821,33.995007
5415,Japan,134.519794,33.874058
5416,Japan,134.519794,33.874058
5418,Japan,134.320451,34.067281
5420,Japan,133.991485,33.873775
5421,Japan,133.934407,33.883189
5423,Japan,133.934407,33.883189
5424,Japan,133.934407,33.883189
5425,Canada,-123.25,49.25
5428,Japan,133.934407,33.883189
5433,Canada,-123.25,49.25
5436,Canada,-124.8,49.241667
5438,Canada,-124.8,49.241667
5441,Canada,-123.25,49.25
5442,Canada,-123.25,49.25
5444,Japan,36.42,36.42
5446,China,113.009351,28.208469
5447,China,113.009352,28.208469
5448,Australia,138.5,-35
5449,Australia,138.5,-35
5450,Australia,138.5,-35
5526,Canada,-64.36132,45.09271
5527,Australia,145.183333,-37.83333304
5529,Australia,145.433333,-37.93333304
5551,United States,-122.28488,37.91367
5552,United States,-76.9078,39.0347
5553,United States,-76.9078,39.0347
5554,Japan,139.59155,35.76625
5555,Japan,139.59155,35.76625
5557,Japan,134.204801,33.858224
5558,Japan,134.357148,33.850674
5561,Japan,139.59155,35.76625
5566,Japan,139.59155,35.76625
5567,Japan,138.5921,36.34938
5572,Japan,134.30143,33.82798
5583,Japan,140.45,38.12
5584,United States,-72.09944,41.35583
5586,China,114.963104,29.326488
5587,Australia,138.7333,-35.0167
5588,Taiwan,121.471111,24.673889
5591,Japan,137.849444,36.503333
5593,Japan,137.849444,36.503333
5597,Japan,137.849444,36.503333
5603,Japan,134.32959,33.948073
5612,Japan,132.57706,34.39717
5619,Japan,134.32959,33.948073
5620,Japan,37.18,37.18
5621,Japan,37.18,37.18
5622,China,99.28717,27.177166
5649,Japan,34.58,34.58
5653,Taiwan,121.411667,24.075278
5656,Japan,35.07,35.07
5660,China,118.797741,32.055645
5663,China,118.797741,32.055645
5664,China,118.797741,32.055645
5665,China,118.797741,32.055645
5670,China,118.797741,32.055645
5674,China,120.415961,36.107933
5675,China,118.797741,32.055645
5676,China,118.797741,32.055645
5699,China,118.79774,32.055645
5705,Japan,134.524913,35.44119
5709,Japan,34.52,34.52
5719,China,120.415961,36.107933
5724,China,120.415961,36.107933
5727,China,120.415961,36.107933
5728,China,120.415961,36.107933
5767,United States,-74.767366,39.658183
5788,Japan,135.84549,34.6846
5810,Japan,139.251111,36.473333
5811,Japan,139.251111,36.473333
5814,China,120.406916,31.237023
5832,Japan,35.15,35.15
5840,Japan,139.45282,35.46862
5842,Japan,139.5887,35.45854
5844,Netherlands,5.888885,50.920978
5916,Netherlands,5.44,50.54
5937,United States,-77.0306,38.8892
5941,United States,-73.817356,40.76539
5942,United States,-72.920823,41.305111
5945,United States,-77.0306,38.8892
5949,United States,-77.0367,38.895
5972,United Kingdom,-2.68547,51.48545
5990,Argentina,-58.01,-34.99
5991,Japan,139.655972,35.631768
5992,Japan,137.3908,34.768
5994,United Kingdom,-2.52685,51.46828
5996,Japan,139.23117,35.44076
6005,Germany,11.958226,51.474957
6014,Australia,150.371692,-33.69217203
6016,New Zealand,176.233333,-38.166667
6017,Sweden,11.950755,57.683237
6022,New Zealand,173.96712,-35.21734
6023,New Zealand,172,-43
6025,Taiwan,121.45,24.783333
6031,Japan,133.015165,33.480995
6032,Canada,-123.25081,49.25408
6033,Canada,-123.25081,49.25408
6037,South Korea,127.385581,36.365283
6038,South Korea,127.389667,36.364581
6040,South Korea,127.183,36.063
6042,New Zealand,174.76685,-36.8482
6044,Canada,-123.25081,49.25408
6045,Austria,12.781,46.833
6058,Sweden,11.950755,57.683237
6060,Canada,-123.25081,49.25408
6062,New Zealand,174.76685,-36.8482
6065,Taiwan,121.45,24.783333
6067,Japan,139.75958,35.715969
6068,South Korea,127.541,36.112
6076,New Zealand,175,-37
6086,Japan,139.272852,35.646756
6096,New Zealand,174.766667,-36.9
6097,South Korea,127.389572,36.364414
6099,United Kingdom,-3.52319,55.95859
6107,Netherlands,4.38,52.23
6108,Canada,-123.25081,49.25408
6110,Japan,139.23117,35.44076
6117,Netherlands,4.38,52.23
6125,United Kingdom,-2.64214,51.4767
6134,Canada,-123.25081,49.25408
6137,Japan,137.3908,34.768
6138,Sweden,11.950755,57.683237
6142,Canada,-123.25081,49.25408
6149,South Korea,128.124,35.226
6159,Taiwan,121.55,24.766667
6160,Canada,-123.25081,49.25408
6165,Japan,139.272852,35.646756
6168,Sweden,11.950755,57.683237
6169,Japan,139.75958,35.715969
6173,South Korea,127.385589,36.365164
6187,Canada,-123.25081,49.25408
6188,Sweden,11.950755,57.683237
6194,South Korea,130.870408,37.488397
6195,South Korea,127.385678,36.365272
6196,South Korea,127.3892,36.365914
6201,United Kingdom,-2.52665,51.4503
6205,Canada,-123.25081,49.25408
6210,United Kingdom,-2.62737,51.4498
6217,South Korea,128.125,35.213
6219,Japan,139.272852,35.646756
6222,Sweden,11.950755,57.683237
6227,Canada,-123.25081,49.25408
6239,South Korea,127.389081,36.365911
6240,Austria,12.781,46.833
6248,Taiwan,121.45,24.783333
6251,United Kingdom,-2.55521,51.43218
6252,New Zealand,174.76685,-36.86487
6253,Taiwan,121.55,24.766667
6257,South Korea,127.389314,36.364417
6258,South Korea,126.71425,37.219194
6260,Japan,139.272852,35.646756
6266,United Kingdom,-2.54082,51.43225
6269,United Kingdom,-2.59871,51.45895
6271,Poland,18.67,50.27
6278,New Zealand,174.76685,-36.8982
6284,Japan,140.8291,40.64807
6286,South Korea,127.216667,37.75
6288,Japan,139.272852,35.646756
6291,Japan,139.272852,35.646756
6298,Canada,-123.25081,49.25408
6301,Japan,139.272852,35.646756
6305,South Korea,127.389264,36.364417
6308,Sweden,11.950755,57.683237
6309,Japan,139.243609,35.625166
6317,Japan,140.131333,35.165933
6321,United Kingdom,-2.61383,51.51282
6325,Canada,-123.25081,49.25408
6328,South Korea,127.284,36.03
6329,South Korea,127.388944,36.364417
6333,United Kingdom,-2.56926,51.40514
6339,Sweden,11.950755,57.683237
6342,France,1.63437,46.35675
6344,Japan,139.272852,35.646756
6346,Taiwan,121.416667,24.733333
6356,South Korea,128.906433,36.134203
6359,South Korea,127.389186,36.364414
6367,Australia,146.165062,-43.421096
6371,Germany,9.874822,53.524957
6374,Australia,150.58269,-34.22678903
6376,Canada,-123.25081,49.25408
6377,United Kingdom,-2.64239,51.49468
6378,United Kingdom,-2.59895,51.47693
6392,South Korea,127.389122,36.364411
6393,South Korea,127.541,36.111
6408,Sweden,11.950755,57.683237
6426,New Zealand,174.58351,-36.8982
6434,Sweden,11.950755,57.683237
6441,South Korea,127.389036,36.365911
6451,United Kingdom,-2.61274,51.4319
6455,Taiwan,121.45,24.783333
6456,Spain,-5.92,40.560001
6462,Japan,129.33139,34.395279
6463,South Korea,128.121,35.227
6483,Japan,137.3908,34.768
6489,Canada,-123.25081,49.25408
6494,United Kingdom,-2.56937,51.41413
6496,Canada,-123.25081,49.25408
6502,Japan,139.272852,35.646756
6503,United Kingdom,-2.62737,51.4498
6505,Canada,-123.25081,49.25408
6513,South Korea,127.183,36.063
6514,South Korea,128.121,35.225
6517,United Kingdom,-2.56948,51.42312
6520,Canada,-123.25081,49.25408
6521,Sweden,11.950755,57.683237
6522,Germany,9.958158,53.624954
6525,Sweden,11.950755,57.683237
6528,Japan,140.8291,40.64807
6529,Japan,139.4776,35.6689
6537,Sweden,11.950755,57.683237
6538,South Korea,127.388983,36.364414
6539,Japan,137.3908,34.768
6560,South Korea,127.389606,36.364494
6562,New Zealand,176,-38
6569,Japan,139.108333,35.148056
6570,Canada,-123.25081,49.25408
6571,Japan,139.243609,35.625166
6572,United Kingdom,-2.54114,51.45923
6577,Canada,-123.25081,49.25408
6580,South Korea,127.388983,36.365914
6582,United Kingdom,-3.99419,55.77213
6589,Canada,-123.25081,49.25408
6603,South Korea,127.541,36.112
6604,Netherlands,4.38,52.23
6607,Japan,139.083889,35.361111
6610,Canada,-123.25081,49.25408
6612,Japan,139.321389,35.528889
6613,New Zealand,175.31684,-40.39827
6616,New Zealand,175.61667,-40.41667
6617,Canada,-123.25081,49.25408
6618,Canada,-123.25081,49.25408
6621,Saudi Arabia,45.75,23.566667
6625,South Korea,127.185,36.064
6629,Canada,-123.25081,49.25408
6630,Japan,137.3908,34.768
6637,United Kingdom,-2.61322,51.46786
6643,United Kingdom,-2.64227,51.48569
6644,New Zealand,176.23353,-38.16489
6650,Germany,8.624788,49.974902
6653,Japan,139.23117,35.44076
6655,Canada,-123.25081,49.25408
6657,Taiwan,121.45,24.783333
6660,Sweden,11.950755,57.683237
6661,Japan,137.3908,34.768
6666,South Korea,127.541,36.111
6669,United Kingdom,-2.59918,51.49491
6671,Japan,137.3908,34.768
6673,Sweden,18.0471,59.37
6680,Japan,140.53534,36.53166
6681,Canada,-123.25081,49.25408
6687,South Korea,127.389422,36.364414
6688,South Korea,127.389661,36.364547
6689,United Kingdom,-4.10493,51.81477
6696,Germany,6.077055,50.75558
6700,Japan,139.272852,35.646756
6702,Sweden,11.950755,57.683237
6703,Sweden,11.950755,57.683237
6706,Canada,-123.25081,49.25408
6709,United Kingdom,-2.62774,51.47678
6711,New Zealand,175.61667,-40.41667
6712,Taiwan,121.4,24.583333
6713,United Kingdom,-2.54061,51.41427
6715,South Korea,127.3857,36.365117
6726,Germany,11.958223,51.52495
6733,Taiwan,121.5,25.033333
6739,South Korea,127.320684,35.570579
6766,South Korea,127.389642,36.364561
6769,Canada,-123.25081,49.25408
6770,Japan,139.272852,35.646756
6773,United Kingdom,-2.62811,51.50375
6774,Taiwan,121.5,25.033333
6780,United Kingdom,-2.6275,51.45879
6781,Taiwan,121.4,24.583333
6783,Japan,139.272852,35.646756
6784,Netherlands,4.38,52.23
6785,United Kingdom,-2.62725,51.44081
6787,South Korea,127.389367,36.364414
6788,South Korea,127.389144,36.365911
6793,Japan,139.243609,35.625166
6794,Japan,139.75958,35.715969
6800,Sweden,11.950755,57.683237
6802,Canada,-123.25081,49.25408
6807,Germany,9.95816,53.57496
6808,United Kingdom,-2.62799,51.49476
6809,South Korea,127.388878,36.364417
6810,South Korea,127.389483,36.364417
6811,South Korea,127.385631,36.365256
6819,Sweden,11.950755,57.683237
6822,Japan,139.53945,35.73743
6825,Japan,132.626611,35.13205
6830,United Kingdom,-4.25437,51.90192
6831,Canada,-123.25081,49.25408
6840,New Zealand,172.60207,-43.51861
6853,South Korea,127.389036,36.364414
6859,Taiwan,121.55,24.766667
6863,Australia,151.159389,-33.78035503
6865,Germany,10.124834,53.674966
6867,Canada,-123.25081,49.25408
6868,Japan,139.53945,35.73743
6880,Japan,140.8291,40.64807
6881,Canada,-123.25081,49.25408
6890,United Kingdom,-2.55532,51.44118
6893,New Zealand,176.58352,-40.36494
6898,South Korea,127.284,36.03
6899,United Kingdom,-4.54478,51.896
6903,Taiwan,121.45,24.783333
6907,Taiwan,121.416667,24.733333
6914,Sweden,11.950755,57.683237
6920,Sweden,11.950755,57.683237
6921,Taiwan,121.65,24.308333
6922,New Zealand,175,-40
6924,Japan,139.410615,37.705364
6928,South Korea,127.5625,35.140556
6929,South Korea,127.541,36.111
6932,Taiwan,121.45,24.783333
6933,Canada,-123.25081,49.25408
6939,United Kingdom,-2.58455,51.477
6942,Netherlands,5.96,52.21
6943,United Kingdom,-2.61347,51.48584
6945,Canada,-123.25081,49.25408
6947,Canada,-123.25081,49.25408
6955,Japan,139.272852,35.646756
6969,Canada,-123.25081,49.25408
6970,Australia,151.117004,-33.73269203
6975,Canada,-123.25081,49.25408
6980,Japan,130.42599,33.63684
6983,New Zealand,175.61667,-40.41667
6985,Japan,139.272852,35.646756
6989,South Korea,127.541,36.112
6998,Sweden,11.950755,57.683237
7006,Japan,139.316061,35.667495
7008,Canada,-123.25081,49.25408
7012,United Kingdom,-2.5993,51.5039
7013,Taiwan,121.45,24.783333
7019,China,120,31
7028,Canada,-123.25081,49.25408
7029,Sweden,11.950755,57.683237
7036,Taiwan,121.65,24.308333
7042,Canada,-123.25081,49.25408
7043,United Kingdom,-4.24542,51.72224
7045,United Kingdom,-2.62787,51.48577
7046,United Kingdom,-2.58478,51.49498
7048,Japan,139.272852,35.646756
7049,Sweden,11.950755,57.683237
7050,Sweden,11.950755,57.683237
7054,Sweden,11.950755,57.683237
7062,South Korea,127.389606,36.364447
7064,New Zealand,175,-39
7069,Taiwan,121.55,24.766667
7071,Netherlands,4.38,52.23
7087,South Korea,127.385586,36.365136
7101,South Korea,127.5625,35.140556
7108,United Kingdom,-2.58489,51.50397
7111,Japan,139.23117,35.44076
7119,Canada,-123.25081,49.25408
7123,Sweden,11.950755,57.683237
7125,South Korea,127.389589,36.364472
7127,Canada,-123.25081,49.25408
7131,United Kingdom,-2.61371,51.50383
7134,Canada,-123.25081,49.25408
7135,United Kingdom,-2.61298,51.44988
7137,United Kingdom,-2.6131,51.45887
7141,Netherlands,4.38,52.23
7143,Japan,139.272852,35.646756
7147,United Kingdom,-2.65667,51.48561